about,accommodation,address,biodynamic,booking_required,cellar_tours,city,conference_facilities,contact,cover_image_url,created_at,currently_producing,cycling,data_source,district,email,estate_size_ha,events_venue,facebook,family_friendly,famous_for,founded_year,google_maps_url,google_rating,google_reviews,hiking,history,id,instagram,is_verified,last_verified,latitude,legal_name,linkedin,live_music,logo_url,longitude,market,name,notes,opening_hours,organic,owner,owner_user_id,pet_friendly,phone,picnic,postcode,price_range,province,rating,region,restaurant,running,slug,subscription_tier,sustainable,tasting_room,tasting_room_hours,tripadvisor,updated_at,vineyard_size_ha,ward,website_url,wedding_venue,wheelchair_access,wine_route,wine_route_id,winemaker,wo_appellation_id,youtube
AA Badenhorst Family Wines is a wine estate in the Western Cape producing wines that reflect the unique terroir of the South African winelands. The estate is committed to quality winemaking and sustainable viticulture practices.,False,,False,False,False,,False,,,2026-08-02T11:18:22.762463+00:00,True,False,hemelval-research,,,,False,,False,Secateurs; Kalmoesfontein,2009,,,,False,,3688e6fb-1cc3-4140-9a92-4484a17a2ecc,,True,,,,,False,,,False,AA Badenhorst Family Wines,,,False,,,False,,False,,,Western Cape,,,False,False,aa-badenhorst,,False,False,,,2026-08-02T12:49:11.818277+00:00,,,https://www.aabadenhorst.com/,False,False,,,,,
"Abingdon Wine Estate is located in the KwaZulu-Natal Midlands near Lidgetton — one of the very few wine estates outside the Western Cape. Established in 2004, the estate grows vines at 1100m+ altitude in summer-rainfall conditions completely different to the Mediterranean climate of the Cape. Their Sauvignon Blanc is crisp, herbaceous, and nervy — a rare and fascinating wine that challenges assumptions about where SA wine can be grown.",False,,False,False,False,,False,,,2026-08-02T12:36:40.564509+00:00,True,False,hemelval-research,,,,False,,False,Sauvignon Blanc; Chardonnay,,,,,False,,078174da-fc83-4be6-ab23-6adb7cae7453,,True,,,,,False,,,False,Abingdon,,,False,,,False,,False,,,Western Cape,,,False,False,abingdon,,False,False,,,2026-08-02T12:49:51.259419+00:00,,,https://www.abingdonwineestate.co.za/,False,False,,,,,
Allée Bleue is a wine estate in the Western Cape producing wines that reflect the unique terroir of the South African winelands. The estate is committed to quality winemaking and sustainable viticulture practices.,False,,False,False,False,,False,,,2026-08-02T12:28:27.848815+00:00,True,False,hemelval-research,,,,False,,False,Magna Carta; Shiraz; Rosé,1694,,,,False,,f2b724ff-f07b-44dd-bd64-159ebc1f246c,,True,,,,,False,,,False,Allée Bleue,,,False,,,False,,False,,,Western Cape,,,False,False,allee-bleue,,False,False,,,2026-08-02T12:49:31.196353+00:00,,,https://www.alleebleue.co.za/,False,False,,,,,
"Altima is a high-altitude farm in the Swartberg area of Stellenbosch, sourcing premium cool-climate fruit for some of SA's top producers. The estate's elevated vineyards (up to 600m) produce Pinot Noir and Chardonnay of unusual elegance and natural acidity for the Stellenbosch region.",False,,False,False,False,,False,,,2026-08-02T12:36:37.846266+00:00,True,False,hemelval-research,,,,False,,False,Pinot Noir; Chardonnay,,,,,False,,c39aea7c-3fc9-458b-8cd1-375cec0dea1b,,True,,,,,False,,,False,Altima,,,False,,,False,,False,,,Western Cape,,,False,False,altima,,False,False,,,2026-08-02T12:49:48.116715+00:00,,,,False,False,,,,,
Alto is a wine estate in the Western Cape producing wines that reflect the unique terroir of the South African winelands. The estate is committed to quality winemaking and sustainable viticulture practices.,False,,False,False,False,,False,,,2026-08-02T12:28:25.431954+00:00,True,False,hemelval-research,,,,False,,False,Alto Rouge; Cabernet Sauvignon,1693,,,,False,,6f8d61e7-3f4d-4c75-a857-5545a26fa062,,True,,,,,False,,,False,Alto,,,False,,,False,,False,,,Western Cape,,,False,False,alto,,False,False,,,2026-08-02T12:49:28.699182+00:00,,,https://www.alto.co.za/,False,False,,,,,
"Asara Wine Estate sits on the slopes of the Simonsberg near Stellenbosch, combining a luxury hotel, fine dining, and wine production in one of the most scenic settings in the Winelands. The estate produces elegant Bordeaux-style reds and crisp Sauvignon Blancs from vineyards that benefit from the cooling afternoon breezes off False Bay.",False,,False,False,False,,False,,,2026-08-02T12:36:25.307101+00:00,True,False,hemelval-research,,,,False,,False,Bordeaux blends; Sauvignon Blanc,,,,,False,,b7da5691-b1dd-4961-9729-568f05d90c12,,True,,,,,False,,,False,Asara,,,False,,,False,,False,,,Western Cape,,,False,False,asara,,False,False,,,2026-08-02T12:49:35.479313+00:00,,,https://www.asara.co.za/,False,False,,,,,
"Founded by Ntsiki Biyela — South Africa's first black female winemaker — Aslina is a pioneering brand that sources fruit from carefully selected Western Cape vineyards. Biyela broke barriers when she joined Stellekaya in 2004 after graduating from Stellenbosch University, then launched her own label in 2016 to international acclaim. Her Cabernet Sauvignon and Chardonnay reflect both her meticulous winemaking and her journey transforming SA wine.",False,,False,False,False,,False,,,2026-08-02T12:36:25.650756+00:00,True,False,hemelval-research,,,,False,,False,Cabernet Sauvignon; Chardonnay,,,,,False,,64a2bae6-8c8a-4fe4-9778-c21a0abd245f,,True,,,,,False,,,False,Aslina,,,False,,,False,,False,,,Western Cape,,,False,False,aslina,,False,False,,,2026-08-02T12:49:35.776769+00:00,,,https://www.aslinawines.co.za/,False,False,,,,,
Ataraxia is a wine estate in the Western Cape producing wines that reflect the unique terroir of the South African winelands. The estate is committed to quality winemaking and sustainable viticulture practices.,False,,False,False,False,,False,,,2026-08-02T12:23:38.502571+00:00,True,False,hemelval-research,,,,False,,False,Chardonnay; Pinot Noir,,,,,False,,5590592d-8730-46d9-92c7-2b2ab390d9fd,,True,,,,,False,,,False,Ataraxia,,,False,,,False,,False,,,Western Cape,,,False,False,ataraxia,,False,False,,,2026-08-02T12:49:18.533894+00:00,,,https://www.ataraxia.co.za/,False,False,,,,,
Avondale is a wine estate in the Western Cape producing wines that reflect the unique terroir of the South African winelands. The estate is committed to quality winemaking and sustainable viticulture practices.,False,,False,False,False,,False,,,2026-08-02T12:28:29.738898+00:00,True,False,hemelval-research,,,,False,,False,Jonty's Ducks Chenin; organic wines,,,,,False,,d3da4c2a-ba67-4bc9-b140-798f91a74aca,,True,,,,,False,,,False,Avondale,,,False,,,False,,False,,,Western Cape,,,False,False,avondale,,False,False,,,2026-08-02T12:49:32.107508+00:00,,,https://www.avondalewine.co.za/,False,False,,,,,
"Avontuur Estate sits on the lower slopes of the Helderberg between Stellenbosch and Somerset West, equally renowned for its thoroughbred horse stud and its premium wines. The estate has been producing wine since 1988 and is particularly known for its Cabernet Sauvignon and Pinotage from mature vineyards on decomposed granite soils.",False,,False,False,False,,False,,,2026-08-02T12:36:25.981834+00:00,True,False,hemelval-research,,,,False,,False,Cabernet Sauvignon; Pinotage,,,,,False,,2f713dc4-e4c8-4475-9313-ca2bf9e1007a,,True,,,,,False,,,False,Avontuur,,,False,,,False,,False,,,Western Cape,,,False,False,avontuur,,False,False,,,2026-08-02T12:49:36.120136+00:00,,,https://www.avontuurestate.co.za/,False,False,,,,,
Backsberg is a wine estate in the Western Cape producing wines that reflect the unique terroir of the South African winelands. The estate is committed to quality winemaking and sustainable viticulture practices.,False,,False,False,False,,False,,,2026-08-02T12:25:03.37731+00:00,True,False,hemelval-research,,,,False,,False,Pinotage; Cabernet Sauvignon,,,,,False,,34d5b356-197a-4f4d-843b-ecfe23dbbe42,,True,,,,,False,,,False,Backsberg,,,False,,,False,,False,,,Western Cape,,,False,False,backsberg,,False,False,,,2026-08-02T12:49:24.298834+00:00,,,https://www.backsberg.co.za/,False,False,,,,,
"Badsberg Wine Cellar is a co-operative in the Breedekloof valley, producing reliable value wines from member farmers' fruit. The Breedekloof's warm days and cool nights give their Chenin Blanc a distinctive fresh-fruit character that punches well above its price point.",False,,False,False,False,,False,,,2026-08-02T12:36:33.861315+00:00,True,False,hemelval-research,,,,False,,False,Chenin Blanc; value wines,,,,,False,,7d163277-fbcd-4c37-8a2e-473b491cd487,,True,,,,,False,,,False,Badsberg,,,False,,,False,,False,,,Western Cape,,,False,False,breedekloof-badsberg,,False,False,,,2026-08-02T12:49:44.084921+00:00,,,https://www.badsberg.co.za/,False,False,,,,,
"Bartinney is a boutique family estate on the Helshoogte Pass, owned by the Jordaan family. The estate's steep vineyards — some of the most dramatically sited in Stellenbosch — produce Cabernet Sauvignon and Sauvignon Blanc of exceptional quality. The family's commitment to sustainable farming and meticulous viticulture is evident in every bottle.",False,,False,False,False,,False,,,2026-08-02T12:36:38.139966+00:00,True,False,hemelval-research,,,,False,,False,Cabernet Sauvignon; Sauvignon Blanc,,,,,False,,db486c22-88c4-464c-b730-f816e216deea,,True,,,,,False,,,False,Bartinney,,,False,,,False,,False,,,Western Cape,,,False,False,bartinney,,False,False,,,2026-08-02T12:49:48.415464+00:00,,,https://www.bartinney.co.za/,False,False,,,,,
Beau Constantia is a wine estate in the Western Cape producing wines that reflect the unique terroir of the South African winelands. The estate is committed to quality winemaking and sustainable viticulture practices.,False,,False,False,False,,False,,,2026-08-02T12:23:33.785201+00:00,True,False,hemelval-research,,,,False,,False,Sauvignon Blanc; Syrah,,,,,False,,f31e2307-adbd-44f8-bcc9-f6e8f42091ad,,True,,,,,False,,,False,Beau Constantia,,,False,,,False,,False,,,Western Cape,,,False,False,beau-constantia,,False,False,,,2026-08-02T12:49:14.287664+00:00,,,https://www.beauconstantia.com/,False,False,,,,,
"A family-owned estate in the Bottelary Hills of Stellenbosch, Bellevue has built its reputation as a Pinotage specialist. The estate's old bush vine Pinotage blocks consistently produce fruit of exceptional concentration, yielding wines that have earned multiple SA and international accolades.",False,,False,False,False,,False,,,2026-08-02T12:36:26.289131+00:00,True,False,hemelval-research,,,,False,,False,Pinotage,,,,,False,,4dca316b-2506-4de1-a0e4-12d77fd07a23,,True,,,,,False,,,False,Bellevue,,,False,,,False,,False,,,Western Cape,,,False,False,bellevue,,False,False,,,2026-08-02T12:49:36.42214+00:00,,,https://www.bellevue.co.za/,False,False,,,,,
A small-batch producer focused on Chenin Blanc from carefully selected old-vine vineyards. Bertha's Wines represents the growing movement of micro-producers in the Western Cape who source fruit from heritage vineyards rather than owning their own land.,False,,False,False,False,,False,,,2026-08-02T12:36:26.597153+00:00,True,False,hemelval-research,,,,False,,False,Chenin Blanc,,,,,False,,394fa9b4-8149-461e-bc78-14e15d716fc6,,True,,,,,False,,,False,Bertha's Wines,,,False,,,False,,False,,,Western Cape,,,False,False,bertha,,False,False,,,2026-08-02T12:49:36.723215+00:00,,,,False,False,,,,,
Beyerskloof is a wine estate in the Western Cape producing wines that reflect the unique terroir of the South African winelands. The estate is committed to quality winemaking and sustainable viticulture practices.,False,,False,False,False,,False,,,2026-08-02T12:25:01.035375+00:00,True,False,hemelval-research,,,,False,,False,Pinotage; Cape Blends,,,,,False,,78f782e4-59df-4d55-af82-2689ae997e02,,True,,,,,False,,,False,Beyerskloof,,,False,,,False,,False,,,Western Cape,,,False,False,beyerskloof,,False,False,,,2026-08-02T12:49:21.602654+00:00,,,https://www.beyerskloof.co.za/,False,False,,,,,
Blaauwklippen is a wine estate in the Western Cape producing wines that reflect the unique terroir of the South African winelands. The estate is committed to quality winemaking and sustainable viticulture practices.,False,,False,False,False,,False,,,2026-08-02T12:25:01.33419+00:00,True,False,hemelval-research,,,,False,,False,Zinfandel; white blends,1682,,,,False,,a78fba7a-cc9c-4e18-b772-5055bf2397f0,,True,,,,,False,,,False,Blaauwklippen,,,False,,,False,,False,,,Western Cape,,,False,False,blaauwklippen,,False,False,,,2026-08-02T12:49:21.92462+00:00,,,https://www.blaauwklippen.com/,False,False,,,,,
Boekenhoutskloof is a wine estate in the Western Cape producing wines that reflect the unique terroir of the South African winelands. The estate is committed to quality winemaking and sustainable viticulture practices.,False,,False,False,False,,False,,,2026-08-02T11:10:41.898427+00:00,True,False,hemelval-research,,,,False,,False,The Chocolate Block; Syrah,1776,,,,False,,8ced5fa6-aced-4ce1-9350-1ed98eec5f20,,True,,,,,False,,,False,Boekenhoutskloof,,,False,,,False,,False,,,Western Cape,,,False,False,boekenhoutskloof,,False,False,,,2026-08-02T12:49:05.234389+00:00,,,https://www.boekenhoutskloof.co.za/,False,False,,,,,
Bon Courage is a wine estate in the Western Cape producing wines that reflect the unique terroir of the South African winelands. The estate is committed to quality winemaking and sustainable viticulture practices.,False,,False,False,False,,False,,,2026-08-02T12:29:05.036235+00:00,True,False,hemelval-research,,,,False,,False,Cabernet; Chenin Blanc,,,,,False,,cbfd02ce-6630-4804-8b2b-23797be7ce8f,,True,,,,,False,,,False,Bon Courage,,,False,,,False,,False,,,Western Cape,,,False,False,bon-courage,,False,False,,,2026-08-02T12:49:35.177741+00:00,,,https://www.boncourage.co.za/,False,False,,,,,
Boplaas is a wine estate in the Western Cape producing wines that reflect the unique terroir of the South African winelands. The estate is committed to quality winemaking and sustainable viticulture practices.,False,,False,False,False,,False,,,2026-08-02T11:18:22.762463+00:00,True,False,hemelval-research,,,,False,,False,Cape Tawny; Cape Vintage Reserve,1880,,,,False,,88a7f481-6b02-410c-a7cb-b4bbf93eda8a,,True,,,,,False,,,False,Boplaas,,,False,,,False,,False,,,Western Cape,,,False,False,boplaas,,False,False,,,2026-08-02T12:49:12.421517+00:00,,,https://www.boplaas.co.za/,False,False,,,,,
Boschendal is a wine estate in the Western Cape producing wines that reflect the unique terroir of the South African winelands. The estate is committed to quality winemaking and sustainable viticulture practices.,False,,False,False,False,,False,,,2026-08-02T11:18:22.762463+00:00,True,False,hemelval-research,,,,False,,False,MCC; 1685 range,1685,,,,False,,ea3c97df-f725-4fa7-8c8c-5d76f7c6653b,,True,,,,,False,,,False,Boschendal,,,False,,,False,,False,,,Western Cape,,,False,False,boschendal,,False,False,,,2026-08-02T12:49:08.357644+00:00,,,https://www.boschendal.com/,False,False,,,,,
Bouchard Finlayson is a wine estate in the Western Cape producing wines that reflect the unique terroir of the South African winelands. The estate is committed to quality winemaking and sustainable viticulture practices.,False,,False,False,False,,False,,,2026-08-02T11:18:22.762463+00:00,True,False,hemelval-research,,,,False,,False,Pinot Noir; Galpin Peak,1989,,,,False,,7e61fcb0-bec3-4362-a8e0-95514d8d50f0,,True,,,,,False,,,False,Bouchard Finlayson,,,False,,,False,,False,,,Western Cape,,,False,False,bouchard-finlayson,,False,False,,,2026-08-02T12:49:11.215506+00:00,,,https://www.bouchardfinlayson.co.za,False,False,,,,,
Buitenverwachting is a wine estate in the Western Cape producing wines that reflect the unique terroir of the South African winelands. The estate is committed to quality winemaking and sustainable viticulture practices.,False,,False,False,False,,False,,,2026-08-02T12:23:33.47944+00:00,True,False,hemelval-research,,,,False,,False,Sauvignon Blanc; Cape blends,1773,,,,False,,41df97b1-976d-4a8e-bbab-da4c334aa5a1,,True,,,,,False,,,False,Buitenverwachting,,,False,,,False,,False,,,Western Cape,,,False,False,buitenverwachting,,False,False,,,2026-08-02T12:49:13.98352+00:00,,,https://www.buitenverwachting.co.za/,False,False,,,,,
"Calitzdorp Wine Cellar is a co-operative in SA's port capital, producing fortified wines from Portuguese varieties (Tinta Barroca, Touriga Nacional) planted on the region's warm, arid soils. Their Cape Tawny is aged oxidatively in old oak barrels, developing complex notes of caramel, walnut, and dried fruit.",False,,False,False,False,,False,,,2026-08-02T12:36:39.667379+00:00,True,False,hemelval-research,,,,False,,False,Port-style wines; Tinta Barroca,,,,,False,,8c8b2a51-3fce-4b41-94d7-10a9c7f51066,,True,,,,,False,,,False,Calitzdorp Wine Cellar,,,False,,,False,,False,,,Western Cape,,,False,False,calitzdorp-cellar,,False,False,,,2026-08-02T12:49:50.230887+00:00,,,,False,False,,,,,
"Cavalli Estate — named from the Italian for 'horses' — is a modern estate on the R44 between Stellenbosch and Somerset West that combines an equine stud, a celebrated farm-to-table restaurant, and wine production. Their Cabernet Sauvignon and Sauvignon Blanc are produced from vineyards on the slopes of the Helderberg.",False,,False,False,False,,False,,,2026-08-02T12:36:26.901172+00:00,True,False,hemelval-research,,,,False,,False,Cabernet Sauvignon; Sauvignon Blanc,,,,,False,,24aabdca-bd22-4764-854d-6b5d411315fb,,True,,,,,False,,,False,Cavalli,,,False,,,False,,False,,,Western Cape,,,False,False,cavalli,,False,False,,,2026-08-02T12:49:37.025582+00:00,,,https://www.cavalliestate.co.za/,False,False,,,,,
Cederberg Private Cellar is a wine estate in the Western Cape producing wines that reflect the unique terroir of the South African winelands. The estate is committed to quality winemaking and sustainable viticulture practices.,False,,False,False,False,,False,,,2026-08-02T11:18:22.762463+00:00,True,False,hemelval-research,,,,False,,False,Cabernet Sauvignon; Sauvignon Blanc,1990,,,,False,,512a3c44-3062-4d2a-b932-56ce5ce1b178,,True,,,,,False,,,False,Cederberg Private Cellar,,,False,,,False,,False,,,Western Cape,,,False,False,cederberg,,False,False,,,2026-08-02T12:49:12.730331+00:00,,,https://www.cederbergwine.com/,False,False,,,,,
Chamonix is a wine estate in the Western Cape producing wines that reflect the unique terroir of the South African winelands. The estate is committed to quality winemaking and sustainable viticulture practices.,False,,False,False,False,,False,,,2026-08-02T12:28:26.942282+00:00,True,False,hemelval-research,,,,False,,False,Pinot Noir; Sauvignon Blanc; Grey Lace MCC,,,,,False,,7bb823f1-2a6f-4896-9a0e-db012528f593,,True,,,,,False,,,False,Chamonix,,,False,,,False,,False,,,Western Cape,,,False,False,chamonix,,False,False,,,2026-08-02T12:49:30.280031+00:00,,,https://www.chamonix.co.za/,False,False,,,,,
Charles Fox is a wine estate in the Western Cape producing wines that reflect the unique terroir of the South African winelands. The estate is committed to quality winemaking and sustainable viticulture practices.,False,,False,False,False,,False,,,2026-08-02T12:29:03.505553+00:00,True,False,hemelval-research,,,,False,,False,MCC; Cap Classique,,,,,False,,6c76eb59-fd59-4cc8-8219-57194564bf80,,True,,,,,False,,,False,Charles Fox,,,False,,,False,,False,,,Western Cape,,,False,False,charles-fox,,False,False,,,2026-08-02T12:49:33.660936+00:00,,,https://www.charlesfoxwines.co.za/,False,False,,,,,
"Clos Malverne is situated in the Devon Valley, one of Stellenbosch's cooler sub-regions, where morning mists and afternoon sea breezes create ideal conditions for slow ripening. The estate is known for its Auret red blend and Pinotage, produced from vineyards that have been in the family for three generations.",False,,False,False,False,,False,,,2026-08-02T12:36:27.205668+00:00,True,False,hemelval-research,,,,False,,False,Auret blend; Pinotage,,,,,False,,514d4d68-e6e6-4721-baca-e9254b9ae52b,,True,,,,,False,,,False,Clos Malverne,,,False,,,False,,False,,,Western Cape,,,False,False,clos-malverne,,False,False,,,2026-08-02T12:49:37.351812+00:00,,,https://www.closmalverne.co.za/,False,False,,,,,
"A family-run estate with a distinctive barrel-shaped cellar that greets visitors on arrival. Compagniesdrift produces solid, traditional Stellenbosch wines from mature vineyards, with Cabernet Sauvignon and Chenin Blanc as the main varieties.",False,,False,False,False,,False,,,2026-08-02T12:36:27.517221+00:00,True,False,hemelval-research,,,,False,,False,Cabernet Sauvignon; Chenin,,,,,False,,e13bc27e-5320-4436-a7db-1e8a5076db6e,,True,,,,,False,,,False,Compagniesdrift,,,False,,,False,,False,,,Western Cape,,,False,False,compagniesdrift,,False,False,,,2026-08-02T12:49:37.651114+00:00,,,,False,False,,,,,
Constantia Glen is a wine estate in the Western Cape producing wines that reflect the unique terroir of the South African winelands. The estate is committed to quality winemaking and sustainable viticulture practices.,False,,False,False,False,,False,,,2026-08-02T12:23:34.558768+00:00,True,False,hemelval-research,,,,False,,False,Bordeaux blends; Sauvignon Blanc,,,,,False,,e08b3da6-b693-4e16-a9fc-c5d30d66ede4,,True,,,,,False,,,False,Constantia Glen,,,False,,,False,,False,,,Western Cape,,,False,False,constantia-glen,,False,False,,,2026-08-02T12:49:14.609716+00:00,,,https://www.constantiaglen.com/,False,False,,,,,
Craven Wines is a wine estate in the Western Cape producing wines that reflect the unique terroir of the South African winelands. The estate is committed to quality winemaking and sustainable viticulture practices.,False,,False,False,False,,False,,,2026-08-02T12:28:26.311213+00:00,True,False,hemelval-research,,,,False,,False,Pinot Noir; Chenin; Syrah,,,,,False,,d85e3878-4fc7-4eba-8f81-9f639eb111f2,,True,,,,,False,,,False,Craven Wines,,,False,,,False,,False,,,Western Cape,,,False,False,craven,,False,False,,,2026-08-02T12:49:29.676715+00:00,,,https://www.cravenwines.com/,False,False,,,,,
Creation Wines is a wine estate in the Western Cape producing wines that reflect the unique terroir of the South African winelands. The estate is committed to quality winemaking and sustainable viticulture practices.,False,,False,False,False,,False,,,2026-08-02T11:18:22.762463+00:00,True,False,hemelval-research,,,,False,,False,Pinot Noir; Chardonnay,2002,,,,False,,fd034629-fd12-41fb-ba59-e5caa2ca0fa5,,True,,,,,False,,,False,Creation Wines,,,False,,,False,,False,,,Western Cape,,,False,False,creation-wines,,False,False,,,2026-08-02T12:49:10.911549+00:00,,,https://www.creationwines.com,False,False,,,,,
Crystallum is a wine estate in the Western Cape producing wines that reflect the unique terroir of the South African winelands. The estate is committed to quality winemaking and sustainable viticulture practices.,False,,False,False,False,,False,,,2026-08-02T12:23:38.20597+00:00,True,False,hemelval-research,,,,False,,False,Pinot Noir; Chardonnay,,,,,False,,1ee47d76-4f2a-453b-b136-704f32ca238b,,True,,,,,False,,,False,Crystallum,,,False,,,False,,False,,,Western Cape,,,False,False,crystallum,,False,False,,,2026-08-02T12:49:18.239736+00:00,,,https://www.crystallum.co.za/,False,False,,,,,
"Darling Cellars is situated in the cool coastal region near the West Coast, where the Atlantic's influence gives the wines a distinctive freshness and acidity. The estate's Sauvignon Blanc shows nettle, gooseberry, and lime with a maritime minerality that reflects the region's proximity to the cold Benguela Current.",False,,False,False,False,,False,,,2026-08-02T12:36:39.055153+00:00,True,False,hemelval-research,,,,False,,False,Sauvignon Blanc; Pinot Noir,,,,,False,,9f17849f-894b-42d6-adef-a491b9f257e6,,True,,,,,False,,,False,Darling Cellars,,,False,,,False,,False,,,Western Cape,,,False,False,darling-cellars,,False,False,,,2026-08-02T12:49:49.481697+00:00,,,https://www.darlingcellars.co.za/,False,False,,,,,
"Daschbosch is an old-vine specialist in the Breedekloof, sourcing Chenin Blanc from vineyards planted 30+ years ago on dryland bush vines. The region's granite and schist soils give these old vines a mineral intensity that has made Daschbosch a darling of the natural-wine movement.",False,,False,False,False,,False,,,2026-08-02T12:36:34.167573+00:00,True,False,hemelval-research,,,,False,,False,Chenin Blanc; old-vine wines,,,,,False,,4ad1a80d-65bd-4d5e-9ca0-04c747a64219,,True,,,,,False,,,False,Daschbosch,,,False,,,False,,False,,,Western Cape,,,False,False,breedekloof-daschbosch,,False,False,,,2026-08-02T12:49:44.392295+00:00,,,https://www.daschbosch.co.za/,False,False,,,,,
David & Nadia is a wine estate in the Western Cape producing wines that reflect the unique terroir of the South African winelands. The estate is committed to quality winemaking and sustainable viticulture practices.,False,,False,False,False,,False,,,2026-08-02T12:29:02.900912+00:00,True,False,hemelval-research,,,,False,,False,Elpidia; Aristargos; old-vine Chenin,,,,,False,,4146ca37-1966-4f82-96a5-eedc0e08e0b4,,True,,,,,False,,,False,David & Nadia,,,False,,,False,,False,,,Western Cape,,,False,False,david-nadia,,False,False,,,2026-08-02T12:49:33.355826+00:00,,,https://www.davidnadie.com/,False,False,,,,,
De Grendel is a wine estate in the Western Cape producing wines that reflect the unique terroir of the South African winelands. The estate is committed to quality winemaking and sustainable viticulture practices.,False,,False,False,False,,False,,,2026-08-02T11:18:22.762463+00:00,True,False,hemelval-research,,,,False,,False,Sauvignon Blanc; Pinotage,1720,,,,False,,10e4cd8e-6ddf-4522-9534-94a4fd6a039c,,True,,,,,False,,,False,De Grendel,,,False,,,False,,False,,,Western Cape,,,False,False,de-grendel,,False,False,,,2026-08-02T12:49:09.885529+00:00,,,https://www.degrendel.co.za/,False,False,,,,,
De Krans is a wine estate in the Western Cape producing wines that reflect the unique terroir of the South African winelands. The estate is committed to quality winemaking and sustainable viticulture practices.,False,,False,False,False,,False,,,2026-08-02T12:23:39.104699+00:00,True,False,hemelval-research,,,,False,,False,Cape Vintage Reserve; MCC; Chenin,,,,,False,,ad26cdec-2de6-41b3-adee-667f5ba719c3,,True,,,,,False,,,False,De Krans,,,False,,,False,,False,,,Western Cape,,,False,False,de-krans,,False,False,,,2026-08-02T12:49:19.124887+00:00,,,https://dekrans.co.za/,False,False,,,,,
"De Morgenzon ('Morning Light') is famous for playing Baroque and classical music through speakers in its vineyards — a practice the estate believes enhances ripening. Whether or not the vines are listening, the wines are exceptional: richly textured Chardonnay and Chenin Blanc from elevated vineyards on the Stellenbosch berg that consistently rank among SA's best whites.",False,,False,False,False,,False,,,2026-08-02T12:36:27.817506+00:00,True,False,hemelval-research,,,,False,,False,Chardonnay; Chenin Blanc,,,,,False,,a9476df5-ace1-4e1d-a15a-c194828cd423,,True,,,,,False,,,False,De Morgenzon,,,False,,,False,,False,,,Western Cape,,,False,False,de-morgenzon,,False,False,,,2026-08-02T12:49:37.951096+00:00,,,https://www.demorgenzon.com/,False,False,,,,,
De Wetshof is a wine estate in the Western Cape producing wines that reflect the unique terroir of the South African winelands. The estate is committed to quality winemaking and sustainable viticulture practices.,False,,False,False,False,,False,,,2026-08-02T11:18:22.762463+00:00,True,False,hemelval-research,,,,False,,False,Chardonnay,1972,,,,False,,294dc770-4aaa-40fd-ba72-468206b2a999,,True,,,,,False,,,False,De Wetshof,,,False,,,False,,False,,,Western Cape,,,False,False,de-wetshof,,False,False,,,2026-08-02T12:49:10.200184+00:00,,,https://www.dewetshof.co.za/,False,False,,,,,
Delaire Graff is a wine estate in the Western Cape producing wines that reflect the unique terroir of the South African winelands. The estate is committed to quality winemaking and sustainable viticulture practices.,False,,False,False,False,,False,,,2026-08-02T12:24:59.244194+00:00,True,False,hemelval-research,,,,False,,False,Botmaskop blend; luxury hospitality,,,,,False,,bde6b4c3-d762-42d4-ae91-b555f273ffe1,,True,,,,,False,,,False,Delaire Graff,,,False,,,False,,False,,,Western Cape,,,False,False,delaire-graff,,False,False,,,2026-08-02T12:49:19.713884+00:00,,,https://www.delaire.co.za/,False,False,,,,,
Delheim is a wine estate in the Western Cape producing wines that reflect the unique terroir of the South African winelands. The estate is committed to quality winemaking and sustainable viticulture practices.,False,,False,False,False,,False,,,2026-08-02T12:25:00.142012+00:00,True,False,hemelval-research,,,,False,,False,Vera Cruz Shiraz,,,,,False,,df0d55fd-eaed-4d2b-97d9-18fc715fa273,,True,,,,,False,,,False,Delheim,,,False,,,False,,False,,,Western Cape,,,False,False,delheim,,False,False,,,2026-08-02T12:49:20.620807+00:00,,,https://www.delheim.com/,False,False,,,,,
Diemersdal is a wine estate in the Western Cape producing wines that reflect the unique terroir of the South African winelands. The estate is committed to quality winemaking and sustainable viticulture practices.,False,,False,False,False,,False,,,2026-08-02T12:23:35.492517+00:00,True,False,hemelval-research,,,,False,,False,Sauvignon Blanc,1698,,,,False,,0814ac4e-bd08-46b5-b4ec-73ac05d3bd58,,True,,,,,False,,,False,Diemersdal,,,False,,,False,,False,,,Western Cape,,,False,False,diemersdal,,False,False,,,2026-08-02T12:49:15.508008+00:00,,,https://www.diemersdal.co.za/,False,False,,,,,
Diemersfontein is a wine estate in the Western Cape producing wines that reflect the unique terroir of the South African winelands. The estate is committed to quality winemaking and sustainable viticulture practices.,False,,False,False,False,,False,,,2026-08-02T11:18:22.762463+00:00,True,False,hemelval-research,,,,False,,False,Coffee Pinotage; Carpe Diem,1970,,,,False,,d5080c72-59cf-4783-a38f-d07909657af8,,True,,,,,False,,,False,Diemersfontein,,,False,,,False,,False,,,Western Cape,,,False,False,diemersfontein,,False,False,,,2026-08-02T12:49:13.085441+00:00,,,https://www.diemersfontein.co.za/,False,False,,,,,
Dornier is a wine estate in the Western Cape producing wines that reflect the unique terroir of the South African winelands. The estate is committed to quality winemaking and sustainable viticulture practices.,False,,False,False,False,,False,,,2026-08-02T12:28:25.725963+00:00,True,False,hemelval-research,,,,False,,False,Cocoa Red; Donatus,,,,,False,,477cfc99-0b82-4be7-9a8e-25f943d18562,,True,,,,,False,,,False,Dornier,,,False,,,False,,False,,,Western Cape,,,False,False,dornier,,False,False,,,2026-08-02T12:49:29.042014+00:00,,,https://www.dornier.co.za/,False,False,,,,,
"Drostdy-Hof is a historic estate in the Tulbagh basin, a valley surrounded by mountains on three sides. The estate's Cabernet Sauvignon benefits from the basin's warm days and cool nights, producing a structured, traditional red that represents the emerging quality of the Tulbagh wine region.",False,,False,False,False,,False,,,2026-08-02T12:36:36.934448+00:00,True,False,hemelval-research,,,,False,,False,Cabernet Sauvignon; Chenin Blanc,,,,,False,,b91b1221-4673-4410-9e0e-2fab41e53290,,True,,,,,False,,,False,Drostdy-Hof Tulbagh,,,False,,,False,,False,,,Western Cape,,,False,False,tulbagh-drostdy-hof,,False,False,,,2026-08-02T12:49:47.165896+00:00,,,,False,False,,,,,
Duncan Savage is a wine estate in the Western Cape producing wines that reflect the unique terroir of the South African winelands. The estate is committed to quality winemaking and sustainable viticulture practices.,False,,False,False,False,,False,,,2026-08-02T12:23:37.318227+00:00,True,False,hemelval-research,,,,False,,False,Savage Syrah; Follow the Line,,,,,False,,20457482-48ec-478a-9a8f-dfa4162f2470,,True,,,,,False,,,False,Duncan Savage,,,False,,,False,,False,,,Western Cape,,,False,False,duncan-savage,,False,False,,,2026-08-02T12:49:17.339794+00:00,,,https://www.savagewines.co.za/,False,False,,,,,
Durbanville Hills is a wine estate in the Western Cape producing wines that reflect the unique terroir of the South African winelands. The estate is committed to quality winemaking and sustainable viticulture practices.,False,,False,False,False,,False,,,2026-08-02T11:18:22.762463+00:00,True,False,hemelval-research,,,,False,,False,Sauvignon Blanc,1998,,,,False,,239478b0-9101-4fb4-aae0-081f970a3e0f,,True,,,,,False,,,False,Durbanville Hills,,,False,,,False,,False,,,Western Cape,,,False,False,durbanville-hills,,False,False,,,2026-08-02T12:49:09.584814+00:00,,,https://www.durbanvillehills.co.za/,False,False,,,,,
Eagle's Nest is a wine estate in the Western Cape producing wines that reflect the unique terroir of the South African winelands. The estate is committed to quality winemaking and sustainable viticulture practices.,False,,False,False,False,,False,,,2026-08-02T12:23:34.862996+00:00,True,False,hemelval-research,,,,False,,False,Viognier; Shiraz,1836,,,,False,,73627f42-23c9-462f-b3fa-2c34d5961378,,True,,,,,False,,,False,Eagle's Nest,,,False,,,False,,False,,,Western Cape,,,False,False,eagles-nest,,False,False,,,2026-08-02T12:49:14.912483+00:00,,,https://www.eaglesnestwines.co.za/,False,False,,,,,
Ernie Els Wines is a wine estate in the Western Cape producing wines that reflect the unique terroir of the South African winelands. The estate is committed to quality winemaking and sustainable viticulture practices.,False,,False,False,False,,False,,,2026-08-02T12:28:23.575926+00:00,True,False,hemelval-research,,,,False,,False,Ernie Els Signature,,,,,False,,7de555e6-72cd-431a-8a47-95536fbe6234,,True,,,,,False,,,False,Ernie Els Wines,,,False,,,False,,False,,,Western Cape,,,False,False,ernie-els,,False,False,,,2026-08-02T12:49:26.283018+00:00,,,https://www.ernieelswines.com/,False,False,,,,,
Fairview is a wine estate in the Western Cape producing wines that reflect the unique terroir of the South African winelands. The estate is committed to quality winemaking and sustainable viticulture practices.,False,,False,False,False,,False,,,2026-08-02T11:18:22.762463+00:00,True,False,hemelval-research,,,,False,,False,Pinotage; Shiraz; artisanal cheese,1693,,,,False,,f1b4493d-8ad0-4340-a048-e466ac797c2c,,True,,,,,False,,,False,Fairview,,,False,,,False,,False,,,Western Cape,,,False,False,fairview,,False,False,,,2026-08-02T12:49:09.271328+00:00,,,https://www.fairview.co.za/,False,False,,,,,
"Flagstone Wines was founded with a creative, literary approach to winemaking — each back label tells a story. Now part of Constellation Brands, the range includes the popular Writer's Block Chenin Blanc and Dragon Tree red blend, known for their accessibility, consistency, and distinctive packaging.",False,,False,False,False,,False,,,2026-08-02T12:36:28.12332+00:00,True,False,hemelval-research,,,,False,,False,Dragon Tree; Writer's Block,,,,,False,,5ec997ba-fc6c-457a-a5f4-d4cd2685bb8a,,True,,,,,False,,,False,Flagstone,,,False,,,False,,False,,,Western Cape,,,False,False,flagstone,,False,False,,,2026-08-02T12:49:38.249152+00:00,,,https://www.flagstonewines.co.za/,False,False,,,,,
"Flagstone's Writer's Block is a creative-label range within the Flagstone portfolio, known for its literary back labels and accessible, fruit-forward style. The Chenin Blanc is fresh, fruity, and widely available — a dependable everyday white at a fair price.",False,,False,False,False,,False,,,2026-08-02T12:36:38.434046+00:00,True,False,hemelval-research,,,,False,,False,Writer's Block Chenin,,,,,False,,2f5bebef-0b30-49bb-a698-bc8d759dba7b,,True,,,,,False,,,False,Flagstone Writer's Block,,,False,,,False,,False,,,Western Cape,,,False,False,flagstone-writers-block,,False,False,,,2026-08-02T12:49:48.731615+00:00,,,,False,False,,,,,
Franschhoek Cellar is a wine estate in the Western Cape producing wines that reflect the unique terroir of the South African winelands. The estate is committed to quality winemaking and sustainable viticulture practices.,False,,False,False,False,,False,,,2026-08-02T12:28:29.156762+00:00,True,False,hemelval-research,,,,False,,False,Value wines; Cabernet Sauvignon,,,,,False,,1b770853-3ae3-4de7-9e01-a1a5f0132a7c,,True,,,,,False,,,False,Franschhoek Cellar,,,False,,,False,,False,,,Western Cape,,,False,False,franschhoek-cellar,,False,False,,,2026-08-02T12:49:31.504589+00:00,,,https://www.franschhoekcellar.co.za/,False,False,,,,,
Ghost Corner is a wine estate in the Western Cape producing wines that reflect the unique terroir of the South African winelands. The estate is committed to quality winemaking and sustainable viticulture practices.,False,,False,False,False,,False,,,2026-08-02T12:29:04.417328+00:00,True,False,hemelval-research,,,,False,,False,Sauvignon Blanc; Semillon,,,,,False,,493e0ff4-7228-457e-a132-e8ecb31853b8,,True,,,,,False,,,False,Ghost Corner,,,False,,,False,,False,,,Western Cape,,,False,False,ghost-corner,,False,False,,,2026-08-02T12:49:34.567085+00:00,,,,False,False,,,,,
Glen Carlou is a wine estate in the Western Cape producing wines that reflect the unique terroir of the South African winelands. The estate is committed to quality winemaking and sustainable viticulture practices.,False,,False,False,False,,False,,,2026-08-02T12:25:03.009825+00:00,True,False,hemelval-research,,,,False,,False,Chardonnay; Grand Classique,,,,,False,,5d748fdb-f925-40f3-b7c8-e5ead3f0b246,,True,,,,,False,,,False,Glen Carlou,,,False,,,False,,False,,,Western Cape,,,False,False,glen-carlou,,False,False,,,2026-08-02T12:49:23.818904+00:00,,,https://www.glencarlou.co.za/,False,False,,,,,
Glenelly is a wine estate in the Western Cape producing wines that reflect the unique terroir of the South African winelands. The estate is committed to quality winemaking and sustainable viticulture practices.,False,,False,False,False,,False,,,2026-08-02T12:28:26.014991+00:00,True,False,hemelval-research,,,,False,,False,Glass Collection; Grand Vin,,,,,False,,a05470fd-c1c1-4e37-b1c2-61cfb109d1ef,,True,,,,,False,,,False,Glenelly,,,False,,,False,,False,,,Western Cape,,,False,False,glenelly,,False,False,,,2026-08-02T12:49:29.380978+00:00,,,https://www.glenelly.com/,False,False,,,,,
"Goudini Wines is a co-operative in the Worcester valley producing simple, dependable wines at some of the lowest price points in SA wine. Their Chenin Blanc is a workhorse white that appears on tables across the country — honest, fresh, and affordable.",False,,False,False,False,,False,,,2026-08-02T12:36:35.407975+00:00,True,False,hemelval-research,,,,False,,False,Value wines; Chenin Blanc,,,,,False,,05080cba-e7b0-4b8f-8155-dfdd40ecdd7d,,True,,,,,False,,,False,Goudini Wines,,,False,,,False,,False,,,Western Cape,,,False,False,worcester-goudini,,False,False,,,2026-08-02T12:49:45.599928+00:00,,,,False,False,,,,,
Graham Beck is a wine estate in the Western Cape producing wines that reflect the unique terroir of the South African winelands. The estate is committed to quality winemaking and sustainable viticulture practices.,False,,False,False,False,,False,,,2026-08-02T11:18:22.762463+00:00,True,False,hemelval-research,,,,False,,False,MCC Brut; MCC Rosé,1983,,,,False,,62cd0c43-b416-4294-bc9d-7dc5209d8bc7,,True,,,,,False,,,False,Graham Beck,,,False,,,False,,False,,,Western Cape,,,False,False,graham-beck,,False,False,,,2026-08-02T12:49:05.546168+00:00,,,https://grahambeck.com/,False,False,,,,,
Grande Provence is a wine estate in the Western Cape producing wines that reflect the unique terroir of the South African winelands. The estate is committed to quality winemaking and sustainable viticulture practices.,False,,False,False,False,,False,,,2026-08-02T12:28:26.619998+00:00,True,False,hemelval-research,,,,False,,False,Chardonnay; Shiraz,1694,,,,False,,45e5551d-6c61-4a31-a035-9f4ee9c0355e,,True,,,,,False,,,False,Grande Provence,,,False,,,False,,False,,,Western Cape,,,False,False,grande-provence,,False,False,,,2026-08-02T12:49:29.975983+00:00,,,https://www.grandeprovence.co.za/,False,False,,,,,
"Groenekloof is a ward within the Darling district that has become one of SA's premium Sauvignon Blanc sources. The decomposed granite soils and cool coastal breezes give the wines a distinctive structure and flinty minerality, setting Groenekloof Sauvignon apart from other SA regions.",False,,False,False,False,,False,,,2026-08-02T12:36:39.361302+00:00,True,False,hemelval-research,,,,False,,False,Sauvignon Blanc,,,,,False,,16b1110e-8876-4e7e-bf34-9316a5baa815,,True,,,,,False,,,False,Groenekloof,,,False,,,False,,False,,,Western Cape,,,False,False,groenekloof,,False,False,,,2026-08-02T12:49:49.83952+00:00,,,,False,False,,,,,
Groot Constantia is a wine estate in the Western Cape producing wines that reflect the unique terroir of the South African winelands. The estate is committed to quality winemaking and sustainable viticulture practices.,False,,False,False,False,,False,,,2026-08-02T12:23:32.706635+00:00,True,False,hemelval-research,,,,False,,False,Gouverneurs Reserve red; historic Cape Dutch manor,1685,,,,False,,7a0ee8da-b905-4772-a5fd-ad326ce8b488,,True,,,,,False,,,False,Groot Constantia,,,False,,,False,,False,,,Western Cape,,,False,False,groot-constantia,,False,False,,,2026-08-02T12:49:13.380745+00:00,,,https://grootconstantia.co.za/,False,False,,,,,
"Guardian Peak is the Lomax family's estate on the foothills of the Helderberg, focused on Rhône varieties — particularly Shiraz. The estate offers one of the Winelands' best-value serious Shirazes, with fruit sourced from mature vineyards on the warmer, north-facing slopes.",False,,False,False,False,,False,,,2026-08-02T12:36:28.429074+00:00,True,False,hemelval-research,,,,False,,False,Shiraz; Cabernet Sauvignon,,,,,False,,275c4387-7288-4995-b210-edf4c10d9174,,True,,,,,False,,,False,Guardian Peak,,,False,,,False,,False,,,Western Cape,,,False,False,guardian-peak,,False,False,,,2026-08-02T12:49:38.55968+00:00,,,https://www.guardianpeak.co.za/,False,False,,,,,
Hamilton Russell Vineyards is a wine estate in the Western Cape producing wines that reflect the unique terroir of the South African winelands. The estate is committed to quality winemaking and sustainable viticulture practices.,False,,False,False,False,,False,,,2026-08-02T11:10:41.898427+00:00,True,False,hemelval-research,,,,False,,False,Pinot Noir; Chardonnay,1975,,,,False,,d9dbc565-9c18-42da-a329-5a630dc0d292,,True,,,,,False,,,False,Hamilton Russell Vineyards,,,False,,,False,,False,,,Western Cape,,,False,False,hamilton-russell,,False,False,,,2026-08-02T12:49:04.93398+00:00,,,https://hamiltonrussellvineyards.com/,False,False,,,,,
Hartenberg is a wine estate in the Western Cape producing wines that reflect the unique terroir of the South African winelands. The estate is committed to quality winemaking and sustainable viticulture practices.,False,,False,False,False,,False,,,2026-08-02T12:24:58.938485+00:00,True,False,hemelval-research,,,,False,,False,Shiraz; Rhine Riesling; Chardonnay,1692,,,,False,,a133cdaf-d96c-4b1c-8c7e-195988837143,,True,,,,,False,,,False,Hartenberg,,,False,,,False,,False,,,Western Cape,,,False,False,hartenberg,,False,False,,,2026-08-02T12:49:19.421459+00:00,,,https://www.hartenberg.co.za/,False,False,,,,,
Haute Cabrière is a wine estate in the Western Cape producing wines that reflect the unique terroir of the South African winelands. The estate is committed to quality winemaking and sustainable viticulture practices.,False,,False,False,False,,False,,,2026-08-02T12:25:01.630914+00:00,True,False,hemelval-research,,,,False,,False,Pierre Jourdan MCC; Pinot Noir,,,,,False,,25aa2dc3-4a54-4d8d-b937-cc8ac17b8f00,,True,,,,,False,,,False,Haute Cabrière,,,False,,,False,,False,,,Western Cape,,,False,False,haute-cabriere,,False,False,,,2026-08-02T12:49:22.258766+00:00,,,https://www.cabriere.co.za/,False,False,,,,,
"Highgate Estate is situated near Nottingham Road in the KZN Midlands, growing cool-climate varieties at altitude in one of SA's most unusual vineyard sites. The estate's Cabernet Sauvignon is a completely different expression of the variety from what Stellenbosch produces — cool-climate red fruit, herb, and fine tannin, shaped by summer rainfall and high altitude rather than the Cape's Mediterranean winters.",False,,False,False,False,,False,,,2026-08-02T12:36:40.849742+00:00,True,False,hemelval-research,,,,False,,False,Cabernet Sauvignon; Sauvignon Blanc,,,,,False,,4134c5ab-c804-452e-8fc1-5c2486c766c3,,True,,,,,False,,,False,Highgate,,,False,,,False,,False,,,Western Cape,,,False,False,highgate,,False,False,,,2026-08-02T12:49:51.574914+00:00,,,https://www.highgate.co.za/,False,False,,,,,
Holden Manz is a wine estate in the Western Cape producing wines that reflect the unique terroir of the South African winelands. The estate is committed to quality winemaking and sustainable viticulture practices.,False,,False,False,False,,False,,,2026-08-02T12:28:27.242905+00:00,True,False,hemelval-research,,,,False,,False,Big G red blend; Sauvignon Blanc,2010,,,,False,,ce41db05-4b6b-4d63-ba74-f7bd8cb01f62,,True,,,,,False,,,False,Holden Manz,,,False,,,False,,False,,,Western Cape,,,False,False,holden-manz,,False,False,,,2026-08-02T12:49:30.577052+00:00,,,https://www.holdenmanz.com/,False,False,,,,,
Iona is a wine estate in the Western Cape producing wines that reflect the unique terroir of the South African winelands. The estate is committed to quality winemaking and sustainable viticulture practices.,False,,False,False,False,,False,,,2026-08-02T11:18:22.762463+00:00,True,False,hemelval-research,,,,False,,False,Sauvignon Blanc; Chardonnay; Pinot Noir,1997,,,,False,,f2c3a03f-690f-4794-af26-492926b79227,,True,,,,,False,,,False,Iona,,,False,,,False,,False,,,Western Cape,,,False,False,iona,,False,False,,,2026-08-02T12:49:06.79132+00:00,,,https://www.iona.co.za/,False,False,,,,,
Jordan Wine Estate is a wine estate in the Western Cape producing wines that reflect the unique terroir of the South African winelands. The estate is committed to quality winemaking and sustainable viticulture practices.,False,,False,False,False,,False,,,2026-08-02T12:28:22.35698+00:00,True,False,hemelval-research,,,,False,,False,Chardonnay; Nine Yards Chenin,1993,,,,False,,71851e7f-89f3-4f0c-80f3-9b0e4648c53c,,True,,,,,False,,,False,Jordan Wine Estate,,,False,,,False,,False,,,Western Cape,,,False,False,jordan,,False,False,,,2026-08-02T12:49:25.04429+00:00,,,https://www.jordanwines.com/,False,False,,,,,
Kaapzicht is a wine estate in the Western Cape producing wines that reflect the unique terroir of the South African winelands. The estate is committed to quality winemaking and sustainable viticulture practices.,False,,False,False,False,,False,,,2026-08-02T12:28:24.200902+00:00,True,False,hemelval-research,,,,False,,False,Shiraz; Pinotage; Chenin,1984,,,,False,,3d130a5b-e50e-45aa-8c95-1488aed4a055,,True,,,,,False,,,False,Kaapzicht,,,False,,,False,,False,,,Western Cape,,,False,False,kaapzicht,,False,False,,,2026-08-02T12:49:26.901416+00:00,,,https://www.kaapzicht.co.za/,False,False,,,,,
Kanonkop is a wine estate in the Western Cape producing wines that reflect the unique terroir of the South African winelands. The estate is committed to quality winemaking and sustainable viticulture practices.,False,,False,False,False,,False,,,2026-08-02T11:10:41.898427+00:00,True,False,hemelval-research,,,,False,,False,Pinotage (benchmark); Paul Sauer Bordeaux blend,1680,,,,False,,0972150c-87b5-4ade-8491-06bace80ad1b,,True,,,,,False,,,False,Kanonkop,,,False,,,False,,False,,,Western Cape,,,False,False,kanonkop,,False,False,,,2026-08-02T12:49:03.991768+00:00,,,https://www.kanonkop.co.za/,False,False,,,,,
"Kanu is an estate in the Simonsberg foothills focused on Chenin Blanc and Sauvignon Blanc. Named after the mythical bird that brings good fortune in Xhosa folklore, the estate produces fresh, fruit-forward whites at accessible price points.",False,,False,False,False,,False,,,2026-08-02T12:36:28.733693+00:00,True,False,hemelval-research,,,,False,,False,Kanu Chenin Blanc; Sauvignon Blanc,,,,,False,,a087b832-53bd-43ea-af50-46197e9e27ff,,True,,,,,False,,,False,Kanu,,,False,,,False,,False,,,Western Cape,,,False,False,kanu,,False,False,,,2026-08-02T12:49:38.860463+00:00,,,,False,False,,,,,
Ken Forrester is a wine estate in the Western Cape producing wines that reflect the unique terroir of the South African winelands. The estate is committed to quality winemaking and sustainable viticulture practices.,False,,False,False,False,,False,,,2026-08-02T11:18:22.762463+00:00,True,False,hemelval-research,,,,False,,False,Chenin Blanc (The FMC),1689,,,,False,,bcf89d2e-f020-4144-a08c-a6bbfff5afa7,,True,,,,,False,,,False,Ken Forrester,,,False,,,False,,False,,,Western Cape,,,False,False,ken-forrester,,False,False,,,2026-08-02T12:49:05.863493+00:00,,,https://www.kenforresterwines.com/,False,False,,,,,
Klein Constantia is a wine estate in the Western Cape producing wines that reflect the unique terroir of the South African winelands. The estate is committed to quality winemaking and sustainable viticulture practices.,False,,False,False,False,,False,,,2026-08-02T11:10:41.898427+00:00,True,False,hemelval-research,,,,False,,False,Vin de Constance; Sauvignon Blanc,1685,,,,False,,fd773e54-6ced-42be-9282-d3135d9df8e2,,True,,,,,False,,,False,Klein Constantia,,,False,,,False,,False,,,Western Cape,,,False,False,klein-constantia,,False,False,,,2026-08-02T12:49:04.319295+00:00,,,https://www.kleinconstantia.com/,False,False,,,,,
"A small Stellenbosch producer crafting honest, good-value Chenin Blanc from estate vineyards. Represents the backbone of SA's mid-market wine industry — the family farms and co-ops that produce dependable everyday wines.",False,,False,False,False,,False,,,2026-08-02T12:36:29.03479+00:00,True,False,hemelval-research,,,,False,,False,Chenin Blanc,,,,,False,,17199d25-9898-492d-a11b-3856624272d9,,True,,,,,False,,,False,Kleine Graniet,,,False,,,False,,False,,,Western Cape,,,False,False,kleine-graniet,,False,False,,,2026-08-02T12:49:39.157517+00:00,,,,False,False,,,,,
Kleine Zalze is a wine estate in the Western Cape producing wines that reflect the unique terroir of the South African winelands. The estate is committed to quality winemaking and sustainable viticulture practices.,False,,False,False,False,,False,,,2026-08-02T12:28:25.12772+00:00,True,False,hemelval-research,,,,False,,False,Vineyard Selection; Chenin Blanc,,,,,False,,121c4c76-1bd2-4f11-9c5a-9c019896a65c,,True,,,,,False,,,False,Kleine Zalze,,,False,,,False,,False,,,Western Cape,,,False,False,kleine-zalze,,False,False,,,2026-08-02T12:49:28.381167+00:00,,,https://www.kleinezalze.co.za/,False,False,,,,,
"Koelenhof is one of Stellenbosch's oldest co-operative cellars, producing reliable value wines from member farmers' fruit. Their Chenin Blanc and dry reds are mainstays of SA supermarket shelves — honest, affordable wines for everyday drinking.",False,,False,False,False,,False,,,2026-08-02T12:36:29.336919+00:00,True,False,hemelval-research,,,,False,,False,Value wines; Chenin Blanc,,,,,False,,52ce1be8-0154-4491-8769-dfbe299ec612,,True,,,,,False,,,False,Koelenhof,,,False,,,False,,False,,,Western Cape,,,False,False,koelenhof,,False,False,,,2026-08-02T12:49:39.476626+00:00,,,,False,False,,,,,
KWV is a wine estate in the Western Cape producing wines that reflect the unique terroir of the South African winelands. The estate is committed to quality winemaking and sustainable viticulture practices.,False,,False,False,False,,False,,,2026-08-02T12:25:02.625121+00:00,True,False,hemelval-research,,,,False,,False,Brandy; Cathedral Cellar; fortified,1918,,,,False,,c11cac97-15d2-4421-b104-bed5a5024e18,,True,,,,,False,,,False,KWV,,,False,,,False,,False,,,Western Cape,,,False,False,kwv,,False,False,,,2026-08-02T12:49:23.499641+00:00,,,https://www.kwv.co.za/,False,False,,,,,
"KWV's Brandy division is legendary in South Africa. KWV has been producing Cape pot-stilled brandy since 1926, making it one of the oldest and most respected brandy houses in the Southern Hemisphere. The brandies are aged in French oak for a minimum of three years, developing complex notes of caramel, dried fruit, walnut, and spice. KWV's 10- and 20-year-old brandies are among the finest spirits produced in Africa.",False,,False,False,False,,False,,,2026-08-02T12:36:38.72875+00:00,True,False,hemelval-research,,,,False,,False,Cape Pot-stilled Brandy,,,,,False,,76b2c8fb-0bcb-43a7-8309-6ae0f8ff93e5,,True,,,,,False,,,False,KWV Brandy,,,False,,,False,,False,,,Western Cape,,,False,False, KWV-brandy,,False,False,,,2026-08-02T12:49:49.060662+00:00,,,,False,False,,,,,
"L'Avenir ('The Future') is a French-owned estate bringing Bordeaux precision to Stellenbosch. Now part of AdVini, the estate is known for its Pinotage (consistently rated among SA's best) and Chenin Blanc, produced from old bush vines on the estate's Simonsberg-stellenbosch vineyards.",False,,False,False,False,,False,,,2026-08-02T12:36:29.642215+00:00,True,False,hemelval-research,,,,False,,False,Pinotage; Chenin Blanc,,,,,False,,26131fee-b56c-457c-bda3-deb3294a2a00,,True,,,,,False,,,False,L'Avenir,,,False,,,False,,False,,,Western Cape,,,False,False,lavenir,,False,False,,,2026-08-02T12:49:39.783776+00:00,,,https://www.lavenirwines.com/,False,False,,,,,
La Motte is a wine estate in the Western Cape producing wines that reflect the unique terroir of the South African winelands. The estate is committed to quality winemaking and sustainable viticulture practices.,False,,False,False,False,,False,,,2026-08-02T12:25:01.94029+00:00,True,False,hemelval-research,,,,False,,False,Pierneef Shiraz; Sauvignon Blanc,1695,,,,False,,1dbe1c18-d364-46a7-971b-b4b22f28f058,,True,,,,,False,,,False,La Motte,,,False,,,False,,False,,,Western Cape,,,False,False,la-motte,,False,False,,,2026-08-02T12:49:22.651155+00:00,,,https://www.la-motte.co.za/,False,False,,,,,
Laborie is a wine estate in the Western Cape producing wines that reflect the unique terroir of the South African winelands. The estate is committed to quality winemaking and sustainable viticulture practices.,False,,False,False,False,,False,,,2026-08-02T12:28:29.450051+00:00,True,False,hemelval-research,,,,False,,False,MCC; Sauvignon Blanc,,,,,False,,b332a079-d713-4067-8cf8-40751fd12f22,,True,,,,,False,,,False,Laborie,,,False,,,False,,False,,,Western Cape,,,False,False,laborie,,False,False,,,2026-08-02T12:49:31.807731+00:00,,,https://www.laboriewines.co.za/,False,False,,,,,
Lammershoek is a wine estate in the Western Cape producing wines that reflect the unique terroir of the South African winelands. The estate is committed to quality winemaking and sustainable viticulture practices.,False,,False,False,False,,False,,,2026-08-02T12:23:36.72788+00:00,True,False,hemelval-research,,,,False,,False,Old-vine Chenin; Syrah; natural wines,,,,,False,,b58ec151-258a-4998-b764-e025f5157417,,True,,,,,False,,,False,Lammershoek,,,False,,,False,,False,,,Western Cape,,,False,False,lammershoek,,False,False,,,2026-08-02T12:49:16.733571+00:00,,,https://www.lammershoek.co.za/,False,False,,,,,
"Langeberg-Garcia is a Klein Karoo co-operative producing simple, fresh wines from one of SA's most arid wine regions. The estate represents the spirit of perseverance — growing grapes in a region where rainfall is scarce and irrigation is essential.",False,,False,False,False,,False,,,2026-08-02T12:36:40.271465+00:00,True,False,hemelval-research,,,,False,,False,Value wines,,,,,False,,022d50c6-ec9c-4ea4-90df-699537fa205b,,True,,,,,False,,,False,Langeberg-Garcia,,,False,,,False,,False,,,Western Cape,,,False,False,langeberg-garcia,,False,False,,,2026-08-02T12:49:50.851492+00:00,,,,False,False,,,,,
Lanzerac is a wine estate in the Western Cape producing wines that reflect the unique terroir of the South African winelands. The estate is committed to quality winemaking and sustainable viticulture practices.,False,,False,False,False,,False,,,2026-08-02T12:28:23.870322+00:00,True,False,hemelval-research,,,,False,,False,Pinotage; Heritage Collection,1692,,,,False,,f7a57a30-a293-42dd-b9cd-a02f92af7410,,True,,,,,False,,,False,Lanzerac,,,False,,,False,,False,,,Western Cape,,,False,False,lanzerac,,False,False,,,2026-08-02T12:49:26.601115+00:00,,,https://www.lanzerac.co.za/,False,False,,,,,
Le Chant is a boutique estate with dramatic mountain views in the Jonkershoek Valley. The estate focuses on small-production Cabernet Sauvignon from carefully managed vineyards on the steep valley slopes.,False,,False,False,False,,False,,,2026-08-02T12:36:29.961841+00:00,True,False,hemelval-research,,,,False,,False,Cabernet Sauvignon,,,,,False,,6876f5e6-17b7-4223-ad10-147b089738a5,,True,,,,,False,,,False,Le Chant,,,False,,,False,,False,,,Western Cape,,,False,False,le-chant,,False,False,,,2026-08-02T12:49:40.075839+00:00,,,,False,False,,,,,
"Le Grand Domaine is a luxury estate near Jonkershoek that combines premium wine production with boutique accommodation. Their Bordeaux-style blends are polished and structured, benefiting from the cool Jonkershoek microclimate.",False,,False,False,False,,False,,,2026-08-02T12:36:30.261676+00:00,True,False,hemelval-research,,,,False,,False,Bordeaux blends,,,,,False,,c84a4ec4-bd6d-4c7a-bde7-4dab9d4a25b7,,True,,,,,False,,,False,Le Grand Domaine,,,False,,,False,,False,,,Western Cape,,,False,False,le-grand-domaine,,False,False,,,2026-08-02T12:49:40.383549+00:00,,,,False,False,,,,,
Le Riche is a wine estate in the Western Cape producing wines that reflect the unique terroir of the South African winelands. The estate is committed to quality winemaking and sustainable viticulture practices.,False,,False,False,False,,False,,,2026-08-02T12:28:22.038866+00:00,True,False,hemelval-research,,,,False,,False,Cabernet Sauvignon,,,,,False,,f9f84d4f-8b34-45d9-84bd-6fdb99352a16,,True,,,,,False,,,False,Le Riche,,,False,,,False,,False,,,Western Cape,,,False,False,le-riche,,False,False,,,2026-08-02T12:49:24.638641+00:00,,,https://www.lerichefamilyvineyards.com/,False,False,,,,,
Leeu Passant is a wine estate in the Western Cape producing wines that reflect the unique terroir of the South African winelands. The estate is committed to quality winemaking and sustainable viticulture practices.,False,,False,False,False,,False,,,2026-08-02T12:25:02.256615+00:00,True,False,hemelval-research,,,,False,,False,Old-vine Cinsault; Chardonnay,,,,,False,,5e78d6b1-fd8c-4db5-a050-a6baf8ecc4b4,,True,,,,,False,,,False,Leeu Passant,,,False,,,False,,False,,,Western Cape,,,False,False,leeu-passant,,False,False,,,2026-08-02T12:49:23.152415+00:00,,,https://www.leewineestate.com/,False,False,,,,,
Lomond is a wine estate in the Western Cape producing wines that reflect the unique terroir of the South African winelands. The estate is committed to quality winemaking and sustainable viticulture practices.,False,,False,False,False,,False,,,2026-08-02T12:29:04.116553+00:00,True,False,hemelval-research,,,,False,,False,Sauvignon Blanc; Merlot,,,,,False,,e3c9834c-54d2-40ac-822d-8f142aeb2649,,True,,,,,False,,,False,Lomond,,,False,,,False,,False,,,Western Cape,,,False,False,lomond,,False,False,,,2026-08-02T12:49:34.256884+00:00,,,https://www.lomond.co.za/,False,False,,,,,
Lutzville Vineyards is a West Coast co-operative situated near the mouth of the Olifants River. The maritime influence is strong here — the cooling Atlantic breezes give their Chenin Blanc a distinctive citrus and apple freshness that differentiates it from warmer inland regions.,False,,False,False,False,,False,,,2026-08-02T12:36:36.3209+00:00,True,False,hemelval-research,,,,False,,False,Chenin Blanc; value wines,,,,,False,,7959ea54-d1b1-409f-925b-cde3a149db89,,True,,,,,False,,,False,Lutzville Vineyards,,,False,,,False,,False,,,Western Cape,,,False,False,olifants-lutzville,,False,False,,,2026-08-02T12:49:46.545762+00:00,,,,False,False,,,,,
Meerendal is a wine estate in the Western Cape producing wines that reflect the unique terroir of the South African winelands. The estate is committed to quality winemaking and sustainable viticulture practices.,False,,False,False,False,,False,,,2026-08-02T12:23:35.801884+00:00,True,False,hemelval-research,,,,False,,False,MCC; Pinotage; Heritage Block,1702,,,,False,,b79387ae-bf3c-4131-9f5c-3d9359cefa87,,True,,,,,False,,,False,Meerendal,,,False,,,False,,False,,,Western Cape,,,False,False,meerendal,,False,False,,,2026-08-02T12:49:15.813474+00:00,,,https://www.meerendal.co.za/,False,False,,,,,
Meerlust is a wine estate in the Western Cape producing wines that reflect the unique terroir of the South African winelands. The estate is committed to quality winemaking and sustainable viticulture practices.,False,,False,False,False,,False,,,2026-08-02T11:18:22.762463+00:00,True,False,hemelval-research,,,,False,,False,Rubicon Bordeaux blend,1693,,,,False,,4bb82c63-934c-4166-b6ca-a059576eaed3,,True,,,,,False,,,False,Meerlust,,,False,,,False,,False,,,Western Cape,,,False,False,meerlust,,False,False,,,2026-08-02T12:49:07.112832+00:00,,,https://www.meerlust.co.za/,False,False,,,,,
Mont Rochelle is a wine estate in the Western Cape producing wines that reflect the unique terroir of the South African winelands. The estate is committed to quality winemaking and sustainable viticulture practices.,False,,False,False,False,,False,,,2026-08-02T12:28:27.549054+00:00,True,False,hemelval-research,,,,False,,False,Chardonnay; Syrah,,,,,False,,4ee51716-efee-4e8f-83fb-e789b0e2a671,,True,,,,,False,,,False,Mont Rochelle,,,False,,,False,,False,,,Western Cape,,,False,False,mont-rochelle,,False,False,,,2026-08-02T12:49:30.890593+00:00,,,https://www.montrochelle.co.za/,False,False,,,,,
"Montagu Cellars is a Route 62 estate in the Klein Karoo, producing Muscadel — a sweet, grapey, floral wine that has been a Klein Karoo tradition for generations. Best served chilled as an aperitif or with dessert, Montagu's Muscadel represents a uniquely South African style.",False,,False,False,False,,False,,,2026-08-02T12:36:39.965381+00:00,True,False,hemelval-research,,,,False,,False,Value wines; Muscadel,,,,,False,,3ff53eb1-3bae-4487-96c3-af0b7e2311d4,,True,,,,,False,,,False,Montagu Cellars,,,False,,,False,,False,,,Western Cape,,,False,False,montagu-cellars,,False,False,,,2026-08-02T12:49:50.544957+00:00,,,,False,False,,,,,
Mullineux is a wine estate in the Western Cape producing wines that reflect the unique terroir of the South African winelands. The estate is committed to quality winemaking and sustainable viticulture practices.,False,,False,False,False,,False,,,2026-08-02T11:18:22.762463+00:00,True,False,hemelval-research,,,,False,,False,Syrah; old-vine Chenin,2007,,,,False,,675822bd-f209-48d0-84d4-7e78c02c40b2,,True,,,,,False,,,False,Mullineux,,,False,,,False,,False,,,Western Cape,,,False,False,mullineux,,False,False,,,2026-08-02T12:49:06.180104+00:00,,,https://mullineuxwines.com/,False,False,,,,,
Muratie is a wine estate in the Western Cape producing wines that reflect the unique terroir of the South African winelands. The estate is committed to quality winemaking and sustainable viticulture practices.,False,,False,False,False,,False,,,2026-08-02T12:24:59.849203+00:00,True,False,hemelval-research,,,,False,,False,Traditional reds; old-vine Chenin,1685,,,,False,,9424c88c-6b13-4f8a-9dd7-4cca69d2ab90,,True,,,,,False,,,False,Muratie,,,False,,,False,,False,,,Western Cape,,,False,False,muratie,,False,False,,,2026-08-02T12:49:20.318696+00:00,,,https://www.muratie.co.za/,False,False,,,,,
"Musica de Sol is a small Breedekloof producer crafting fresh, fruity Chenin Blanc from valley vineyards. The name evokes the region's warm, musical atmosphere — this is wine for sunny afternoons and good company.",False,,False,False,False,,False,,,2026-08-02T12:36:34.773375+00:00,True,False,hemelval-research,,,,False,,False,Chenin Blanc,,,,,False,,a5bdeabb-1788-4c65-92e3-bff6c967ce01,,True,,,,,False,,,False,Musica de Sol,,,False,,,False,,False,,,Western Cape,,,False,False,breedekloof-musicas,,False,False,,,2026-08-02T12:49:44.999237+00:00,,,,False,False,,,,,
"Namaqua Wines is one of SA's largest co-operatives, based in Vredendal on the West Coast. The estate draws fruit from vineyards stretching along the Olifants River, where the cooling Atlantic influence gives even everyday wines a freshness uncommon at these latitudes. Their value Chenin Blanc is one of the most widely available wines in SA.",False,,False,False,False,,False,,,2026-08-02T12:36:36.009572+00:00,True,False,hemelval-research,,,,False,,False,Value wines,,,,,False,,0980cc0f-1c81-41e0-b82a-2935b478aa52,,True,,,,,False,,,False,Namaqua Wines,,,False,,,False,,False,,,Western Cape,,,False,False,olifants-namaqua,,False,False,,,2026-08-02T12:49:46.22456+00:00,,,https://www.namaquawines.co.za/,False,False,,,,,
Nederburg is a wine estate in the Western Cape producing wines that reflect the unique terroir of the South African winelands. The estate is committed to quality winemaking and sustainable viticulture practices.,False,,False,False,False,,False,,,2026-08-02T11:18:22.762463+00:00,True,False,hemelval-research,,,,False,,False,Cabernet Sauvignon; Pinotage,1937,,,,False,,e0d1bbf5-7a16-4bc4-9e71-2c705f968e1b,,True,,,,,False,,,False,Nederburg,,,False,,,False,,False,,,Western Cape,,,False,False,nederburg,,False,False,,,2026-08-02T12:49:08.97691+00:00,,,https://www.nederburg.com/,False,False,,,,,
Neethlingshof is a wine estate in the Western Cape producing wines that reflect the unique terroir of the South African winelands. The estate is committed to quality winemaking and sustainable viticulture practices.,False,,False,False,False,,False,,,2026-08-02T12:25:00.441172+00:00,True,False,hemelval-research,,,,False,,False,Cabernet Sauvignon; Pinotage,1692,,,,False,,37957ed0-0dfe-483d-bfaf-0bdbc52c2a4d,,True,,,,,False,,,False,Neethlingshof,,,False,,,False,,False,,,Western Cape,,,False,False,neethlingshof,,False,False,,,2026-08-02T12:49:20.931422+00:00,,,https://www.neethlingshof.co.za/,False,False,,,,,
Newton Johnson Family Vineyards is a wine estate in the Western Cape producing wines that reflect the unique terroir of the South African winelands. The estate is committed to quality winemaking and sustainable viticulture practices.,False,,False,False,False,,False,,,2026-08-02T12:23:37.900905+00:00,True,False,hemelval-research,,,,False,,False,Pinot Noir; Chardonnay; Syrah,,,,,False,,e0754c63-f82b-4b9b-84b7-5628ea296ad1,,True,,,,,False,,,False,Newton Johnson Family Vineyards,,,False,,,False,,False,,,Western Cape,,,False,False,newton-johnson,,False,False,,,2026-08-02T12:49:17.945357+00:00,,,https://www.newtonjohnson.com,False,False,,,,,
Nitida is a wine estate in the Western Cape producing wines that reflect the unique terroir of the South African winelands. The estate is committed to quality winemaking and sustainable viticulture practices.,False,,False,False,False,,False,,,2026-08-02T12:23:35.18993+00:00,True,False,hemelval-research,,,,False,,False,Sauvignon Blanc; Titan Semillon,,,,,False,,77ba2ea4-6411-4a7a-bf53-93ee69e800d7,,True,,,,,False,,,False,Nitida,,,False,,,False,,False,,,Western Cape,,,False,False,nitida,,False,False,,,2026-08-02T12:49:15.204908+00:00,,,https://www.nitida.co.za/,False,False,,,,,
"Nuy Winery is a co-operative at the foot of the Langeberg mountains in the Worcester district — SA's largest wine-producing region by volume. The estate's Chenin Blanc is fresh, fruity, and represents extraordinary value, benefiting from the warm Worcester climate and fertile alluvial soils.",False,,False,False,False,,False,,,2026-08-02T12:36:35.08372+00:00,True,False,hemelval-research,,,,False,,False,Chenin Blanc; value reds,,,,,False,,249bbc95-ecc8-4482-909a-f158e545dadd,,True,,,,,False,,,False,Nuy Winery,,,False,,,False,,False,,,Western Cape,,,False,False,worcester-nuy,,False,False,,,2026-08-02T12:49:45.296446+00:00,,,https://www.nuy.co.za/,False,False,,,,,
Oak Valley is a wine estate in the Western Cape producing wines that reflect the unique terroir of the South African winelands. The estate is committed to quality winemaking and sustainable viticulture practices.,False,,False,False,False,,False,,,2026-08-02T12:23:38.80431+00:00,True,False,hemelval-research,,,,False,,False,Pinot Noir; Chardonnay; Sauvignon Blanc,1898,,,,False,,ce235bfd-a954-476c-af44-bda35c9c0aee,,True,,,,,False,,,False,Oak Valley,,,False,,,False,,False,,,Western Cape,,,False,False,oak-valley,,False,False,,,2026-08-02T12:49:18.833667+00:00,,,https://www.oakvalley.co.za/,False,False,,,,,
Overgaauw is a wine estate in the Western Cape producing wines that reflect the unique terroir of the South African winelands. The estate is committed to quality winemaking and sustainable viticulture practices.,False,,False,False,False,,False,,,2026-08-02T12:25:00.733943+00:00,True,False,hemelval-research,,,,False,,False,Cabernet Sauvignon; Tria Corda,1905,,,,False,,a1416b00-f628-42f8-a962-3cff7f9bfaa5,,True,,,,,False,,,False,Overgaauw,,,False,,,False,,False,,,Western Cape,,,False,False,overgaauw,,False,False,,,2026-08-02T12:49:21.235505+00:00,,,https://www.overgaauw.co.za/,False,False,,,,,
"Overhex Wines is a Worcester estate with significant international distribution, exporting to over 30 countries. Their Sur Lie Chenin Blanc has a textured, leesy quality that sets it apart from typical Worcester whites — the extended lees contact adds complexity and a creamy mouthfeel.",False,,False,False,False,,False,,,2026-08-02T12:36:35.699156+00:00,True,False,hemelval-research,,,,False,,False,Sur Lie; Chenin Blanc,,,,,False,,6dba7df3-ba10-45e5-9ffe-5931e60c0a7f,,True,,,,,False,,,False,Overhex,,,False,,,False,,False,,,Western Cape,,,False,False,worcester-overhex,,False,False,,,2026-08-02T12:49:45.912759+00:00,,,https://www.overhex.com/,False,False,,,,,
Paul Cluver Wines is a wine estate in the Western Cape producing wines that reflect the unique terroir of the South African winelands. The estate is committed to quality winemaking and sustainable viticulture practices.,False,,False,False,False,,False,,,2026-08-02T11:18:22.762463+00:00,True,False,hemelval-research,,,,False,,False,Pinot Noir; Riesling,1898,,,,False,,36499341-2014-46e6-b8f5-0f4a519f9f02,,True,,,,,False,,,False,Paul Cluver Wines,,,False,,,False,,False,,,Western Cape,,,False,False,paul-cluver,,False,False,,,2026-08-02T12:49:11.520835+00:00,,,https://www.paulcluver.com/,False,False,,,,,
Perdeberg Cellar is a wine estate in the Western Cape producing wines that reflect the unique terroir of the South African winelands. The estate is committed to quality winemaking and sustainable viticulture practices.,False,,False,False,False,,False,,,2026-08-02T12:28:30.03345+00:00,True,False,hemelval-research,,,,False,,False,Value wines; Chenin Blanc,1941,,,,False,,c29ba49b-59ff-4b16-862e-6ec4c6f944f5,,True,,,,,False,,,False,Perdeberg Cellar,,,False,,,False,,False,,,Western Cape,,,False,False,perdeberg,,False,False,,,2026-08-02T12:49:32.426899+00:00,,,https://www.perdeberg.co.za/,False,False,,,,,
"Peter Falke Wines is a German family estate on the banks of the Eerste River in Stellenbosch. The family's European precision is evident in every aspect — from the meticulous vineyard management to the striking tasting room overlooking the river. Their Cabernet Sauvignon and Sauvignon Blanc are elegant and restrained, reflecting old-world values in a Cape setting.",False,,False,False,False,,False,,,2026-08-02T12:36:30.569107+00:00,True,False,hemelval-research,,,,False,,False,Cabernet Sauvignon; Shiraz,,,,,False,,cf90da69-6a68-43ff-8d5d-cb15212daf87,,True,,,,,False,,,False,Peter Falke,,,False,,,False,,False,,,Western Cape,,,False,False,peter-falke,,False,False,,,2026-08-02T12:49:40.708814+00:00,,,https://www.peterfalke.co.za/,False,False,,,,,
"Piekenierskloof is a high-altitude ward on the Citrusdal Mountain, where old-vine Chenin Blanc and Grenache thrive on decomposed granite soils at 500m+. The altitude gives the wines an unusual intensity and mineral edge, and several top Swartland producers (including Eben Sadie) source fruit from these heritage vineyards.",False,,False,False,False,,False,,,2026-08-02T12:36:36.627738+00:00,True,False,hemelval-research,,,,False,,False,Chenin Blanc; Grenache,,,,,False,,eb964541-08c4-4671-8b62-482b74baa63e,,True,,,,,False,,,False,Piekenierskloof,,,False,,,False,,False,,,Western Cape,,,False,False,olifants-piekenierskloof,,False,False,,,2026-08-02T12:49:46.854118+00:00,,,,False,False,,,,,
"A boutique producer specialising in Pinotage and Rosé. Pink Valley's approach is playful and accessible — their Pinotage is ripe, generous, and unpretentious, making it a popular introduction to SA's signature red variety.",False,,False,False,False,,False,,,2026-08-02T12:36:30.876903+00:00,True,False,hemelval-research,,,,False,,False,Pinotage; Rosé,,,,,False,,e2c7197f-7c77-432a-bf83-c9740bd9358a,,True,,,,,False,,,False,Pink Valley,,,False,,,False,,False,,,Western Cape,,,False,False,pink-valley,,False,False,,,2026-08-02T12:49:41.031452+00:00,,,,False,False,,,,,
Porseleinberg is a wine estate in the Western Cape producing wines that reflect the unique terroir of the South African winelands. The estate is committed to quality winemaking and sustainable viticulture practices.,False,,False,False,False,,False,,,2026-08-02T12:29:02.291002+00:00,True,False,hemelval-research,,,,False,,False,Porseleinberg Syrah,,,,,False,,d5b932b7-0dba-4939-b4b5-1c7cfcc78198,,True,,,,,False,,,False,Porseleinberg,,,False,,,False,,False,,,Western Cape,,,False,False,porseleinberg,,False,False,,,2026-08-02T12:49:32.72812+00:00,,,,False,False,,,,,
"A small organic producer working with minimal-intervention winemaking. Their Chenin Blanc is naturally fermented, unfined, and unfiltered — a living wine that expresses the character of its old-vine fruit without winemaking manipulation.",False,,False,False,False,,False,,,2026-08-02T12:36:31.172692+00:00,True,False,hemelval-research,,,,False,,False,Chenin Blanc,,,,,False,,107ca532-b122-42ba-aacc-dbe02f8328a5,,True,,,,,False,,,False,Precious Hidden Valley,,,False,,,False,,False,,,Western Cape,,,False,False,precious-hidden-valley,,False,False,,,2026-08-02T12:49:41.331482+00:00,,,,False,False,,,,,
Raats Family is a wine estate in the Western Cape producing wines that reflect the unique terroir of the South African winelands. The estate is committed to quality winemaking and sustainable viticulture practices.,False,,False,False,False,,False,,,2026-08-02T12:28:22.969257+00:00,True,False,hemelval-research,,,,False,,False,Cabernet Franc; MR de Compostella,,,,,False,,4192bd01-81ae-49bb-b076-f11004490534,,True,,,,,False,,,False,Raats Family,,,False,,,False,,False,,,Western Cape,,,False,False,raats,,False,False,,,2026-08-02T12:49:25.682671+00:00,,,https://www.raatswines.co.za/,False,False,,,,,
Rall Wines is a wine estate in the Western Cape producing wines that reflect the unique terroir of the South African winelands. The estate is committed to quality winemaking and sustainable viticulture practices.,False,,False,False,False,,False,,,2026-08-02T12:29:02.600163+00:00,True,False,hemelval-research,,,,False,,False,Chenin Blanc; Syrah,,,,,False,,9fb7c809-849f-40ec-be61-937ad1c78941,,True,,,,,False,,,False,Rall Wines,,,False,,,False,,False,,,Western Cape,,,False,False,rall,,False,False,,,2026-08-02T12:49:33.027701+00:00,,,,False,False,,,,,
Remhoogte is a wine estate in the Western Cape producing wines that reflect the unique terroir of the South African winelands. The estate is committed to quality winemaking and sustainable viticulture practices.,False,,False,False,False,,False,,,2026-08-02T12:28:24.506475+00:00,True,False,hemelval-research,,,,False,,False,Bush vine Chenin; Pinotage,,,,,False,,145e69e3-93d9-449a-b22d-425209fdf7b5,,True,,,,,False,,,False,Remhoogte,,,False,,,False,,False,,,Western Cape,,,False,False,remhoogte,,False,False,,,2026-08-02T12:49:27.200197+00:00,,,https://www.remhoogte.co.za/,False,False,,,,,
"A historic family estate producing traditional Stellenbosch Cabernet Sauvignon. Remsberg's vineyards have been in the family for generations, and their winemaking philosophy is firmly old-school: structured, age-worthy reds that reward patience.",False,,False,False,False,,False,,,2026-08-02T12:36:31.469951+00:00,True,False,hemelval-research,,,,False,,False,Cabernet Sauvignon,,,,,False,,a4da9fef-a52f-47c9-8b8d-f6b9bc8f826b,,True,,,,,False,,,False,Remsberg,,,False,,,False,,False,,,Western Cape,,,False,False,remsberg,,False,False,,,2026-08-02T12:49:41.63088+00:00,,,,False,False,,,,,
Reyneke is a wine estate in the Western Cape producing wines that reflect the unique terroir of the South African winelands. The estate is committed to quality winemaking and sustainable viticulture practices.,False,,False,False,False,,False,,,2026-08-02T12:28:24.827776+00:00,True,False,hemelval-research,,,,False,,False,Biodynamic wines; Cabernet Sauvignon,,,,,False,,fdd4f091-b650-4a7e-b24b-c665b5a86d97,,True,,,,,False,,,False,Reyneke,,,False,,,False,,False,,,Western Cape,,,False,False,reymeke,,False,False,,,2026-08-02T12:49:27.560879+00:00,,,https://www.reyneke.co.za/,False,False,,,,,
Robertson Winery is a wine estate in the Western Cape producing wines that reflect the unique terroir of the South African winelands. The estate is committed to quality winemaking and sustainable viticulture practices.,False,,False,False,False,,False,,,2026-08-02T12:23:36.405835+00:00,True,False,hemelval-research,,,,False,,False,Value wines; Chenin Blanc; Sweet Rosé,1941,,,,False,,78ae3219-4665-4ba8-a504-436eb7c3c389,,True,,,,,False,,,False,Robertson Winery,,,False,,,False,,False,,,Western Cape,,,False,False,robertson-winery,,False,False,,,2026-08-02T12:49:16.42641+00:00,,,https://www.robertsonwinery.co.za/,False,False,,,,,
"Ruitersbosch is a small Tulbagh producer crafting fresh, honest Chenin Blanc from valley vineyards. The estate represents the growing community of boutique producers in the Tulbagh basin, a region that is rapidly gaining recognition for its diverse terroir and quality potential.",False,,False,False,False,,False,,,2026-08-02T12:36:37.543578+00:00,True,False,hemelval-research,,,,False,,False,Chenin Blanc,,,,,False,,9124a889-5f5e-4ce2-9bf2-d78cb510bd1a,,True,,,,,False,,,False,Ruitersbosch,,,False,,,False,,False,,,Western Cape,,,False,False,tulbagh-ruiterbosch,,False,False,,,2026-08-02T12:49:47.769502+00:00,,,,False,False,,,,,
Rustenberg is a wine estate in the Western Cape producing wines that reflect the unique terroir of the South African winelands. The estate is committed to quality winemaking and sustainable viticulture practices.,False,,False,False,False,,False,,,2026-08-02T11:18:22.762463+00:00,True,False,hemelval-research,,,,False,,False,Chardonnay; Peter Barlow Cabernet,1682,,,,False,,e58dacf4-fea9-446b-a25e-b341787e8de1,,True,,,,,False,,,False,Rustenberg,,,False,,,False,,False,,,Western Cape,,,False,False,rustenberg,,False,False,,,2026-08-02T12:49:07.412504+00:00,,,https://www.rustenberg.co.za/,False,False,,,,,
Sadie Family Wines is a wine estate in the Western Cape producing wines that reflect the unique terroir of the South African winelands. The estate is committed to quality winemaking and sustainable viticulture practices.,False,,False,False,False,,False,,,2026-08-02T11:10:41.898427+00:00,True,False,hemelval-research,,,,False,,False,Columella; Skurfberg Chenin,1999,,,,False,,363134e8-5889-441f-9d09-4dec88a21fc8,,True,,,,,False,,,False,Sadie Family Wines,,,False,,,False,,False,,,Western Cape,,,False,False,sadie-family,,False,False,,,2026-08-02T12:49:04.627049+00:00,,,https://www.sadiefamilywines.com/,False,False,,,,,
"Saronsberg is a premium estate in the Tulbagh valley, established in 2002 on land that has been farmed since the 18th century. The estate's Shiraz is pepper-driven, dark, and structured — among the best wines from this emerging region, benefiting from the valley's diverse soils and dramatic diurnal temperature shifts.",False,,False,False,False,,False,,,2026-08-02T12:36:37.23542+00:00,True,False,hemelval-research,,,,False,,False,Shiraz; Cabernet Sauvignon,,,,,False,,eee31040-f22c-4c02-b1a3-6d2d7ed7b839,,True,,,,,False,,,False,Saronsberg,,,False,,,False,,False,,,Western Cape,,,False,False,tulbagh-saron,,False,False,,,2026-08-02T12:49:47.473237+00:00,,,https://www.saronsberg.com/,False,False,,,,,
Simonsig is a wine estate in the Western Cape producing wines that reflect the unique terroir of the South African winelands. The estate is committed to quality winemaking and sustainable viticulture practices.,False,,False,False,False,,False,,,2026-08-02T11:18:22.762463+00:00,True,False,hemelval-research,,,,False,,False,Cap Classique; Pinotage,1688,,,,False,,3e1453fc-dde5-4b3d-9456-03f4a10c0b21,,True,,,,,False,,,False,Simonsig,,,False,,,False,,False,,,Western Cape,,,False,False,simonsig,,False,False,,,2026-08-02T12:49:08.050045+00:00,,,https://www.simonsig.co.za/,False,False,,,,,
"Skilpadvlei ('Tortoise Marsh') is a family estate in Stellenbosch producing broad-range value wines. Named for the tortoises that still roam the property, the estate is known for approachable Pinotage and Chenin Blanc at one of the best price-to-quality ratios in the Cape.",False,,False,False,False,,False,,,2026-08-02T12:36:31.772786+00:00,True,False,hemelval-research,,,,False,,False,Pinotage; Chenin Blanc,,,,,False,,c5e4d436-2e1d-466f-a2db-0de823bc7034,,True,,,,,False,,,False,Skilpadvlei,,,False,,,False,,False,,,Western Cape,,,False,False,skilpadvlei,,False,False,,,2026-08-02T12:49:41.934531+00:00,,,https://www.skilpadvlei.co.za/,False,False,,,,,
"Slanghoek Wine Cellar is a family-run co-op in the Slanghoek Valley, one of the most scenic parts of the Breedekloof. The valley's amphitheatre of mountains creates a unique microclimate that gives their Chenin Blanc and Colombard a crisp, aromatic character.",False,,False,False,False,,False,,,2026-08-02T12:36:34.480889+00:00,True,False,hemelval-research,,,,False,,False,Chenin Blanc; Colombard,,,,,False,,8f654896-babe-469c-9bcb-b236ddc54c8f,,True,,,,,False,,,False,Slanghoek,,,False,,,False,,False,,,Western Cape,,,False,False,breedekloof-slanghoek,,False,False,,,2026-08-02T12:49:44.692993+00:00,,,,False,False,,,,,
South Hill is a wine estate in the Western Cape producing wines that reflect the unique terroir of the South African winelands. The estate is committed to quality winemaking and sustainable viticulture practices.,False,,False,False,False,,False,,,2026-08-02T12:29:03.196182+00:00,True,False,hemelval-research,,,,False,,False,Pinot Noir; Sauvignon Blanc,,,,,False,,625b1199-83a0-4ad0-8540-f689175a4016,,True,,,,,False,,,False,South Hill,,,False,,,False,,False,,,Western Cape,,,False,False,south-hill,,False,False,,,2026-08-02T12:49:27.999678+00:00,,,https://www.southhillwines.co.za/,False,False,,,,,
Spier is a wine estate in the Western Cape producing wines that reflect the unique terroir of the South African winelands. The estate is committed to quality winemaking and sustainable viticulture practices.,False,,False,False,False,,False,,,2026-08-02T11:18:22.762463+00:00,True,False,hemelval-research,,,,False,,False,Wide range; farm dining,1692,,,,False,,528808d5-02df-44e1-bbc7-2b0be1943d05,,True,,,,,False,,,False,Spier,,,False,,,False,,False,,,Western Cape,,,False,False,spier,,False,False,,,2026-08-02T12:49:12.122443+00:00,,,https://www.spier.co.za/,False,False,,,,,
Springfield Estate is a wine estate in the Western Cape producing wines that reflect the unique terroir of the South African winelands. The estate is committed to quality winemaking and sustainable viticulture practices.,False,,False,False,False,,False,,,2026-08-02T11:18:22.762463+00:00,True,False,hemelval-research,,,,False,,False,Life from Stone Sauvignon,1987,,,,False,,60be1ccc-4035-4b37-99d3-b2d18c6549e6,,True,,,,,False,,,False,Springfield Estate,,,False,,,False,,False,,,Western Cape,,,False,False,springfield,,False,False,,,2026-08-02T12:49:10.613236+00:00,,,https://www.springfieldestate.com/,False,False,,,,,
Steenberg is a wine estate in the Western Cape producing wines that reflect the unique terroir of the South African winelands. The estate is committed to quality winemaking and sustainable viticulture practices.,False,,False,False,False,,False,,,2026-08-02T12:23:33.174692+00:00,True,False,hemelval-research,,,,False,,False,Sauvignon Blanc; Catharina Red,1682,,,,False,,44da25c5-ad8e-42d3-9c35-b020256db947,,True,,,,,False,,,False,Steenberg,,,False,,,False,,False,,,Western Cape,,,False,False,steenberg,,False,False,,,2026-08-02T12:49:13.677789+00:00,,,https://www.steenbergfarm.com/,False,False,,,,,
"A cooperative brand producing reliable Stellenbosch wines for the mid-market. Their Cabernet Sauvignon represents the classic Stellenbosch style at an accessible price — cassis, cedar, and medium body.",False,,False,False,False,,False,,,2026-08-02T12:36:32.060007+00:00,True,False,hemelval-research,,,,False,,False,Cabernet Sauvignon,,,,,False,,d3b19cca-1074-46ea-b673-ff3e561dab27,,True,,,,,False,,,False,Stellenbosch Reserve,,,False,,,False,,False,,,Western Cape,,,False,False,stellenbosch-reserve,,False,False,,,2026-08-02T12:49:42.229725+00:00,,,,False,False,,,,,
"Stellenzicht is a historic estate that has been revived under new ownership. Located on the foothills of the Simonsberg, the property has a rich winemaking heritage dating back to the 17th century. Their revived range focuses on Shiraz and Pinotage from replanted vineyards.",False,,False,False,False,,False,,,2026-08-02T12:36:32.361019+00:00,True,False,hemelval-research,,,,False,,False,Shiraz; Pinotage,,,,,False,,21be0398-b2b1-43dc-883e-26e9e86149cf,,True,,,,,False,,,False,Stellenzicht,,,False,,,False,,False,,,Western Cape,,,False,False,stellenzicht,,False,False,,,2026-08-02T12:49:42.532782+00:00,,,https://www.stellenzicht.co.za/,False,False,,,,,
Strandveld is a wine estate in the Western Cape producing wines that reflect the unique terroir of the South African winelands. The estate is committed to quality winemaking and sustainable viticulture practices.,False,,False,False,False,,False,,,2026-08-02T12:29:03.810704+00:00,True,False,hemelval-research,,,,False,,False,First Sighting Sauvignon Blanc,,,,,False,,1ecba956-0a57-4112-bf96-c4d7558c5fda,,True,,,,,False,,,False,Strandveld,,,False,,,False,,False,,,Western Cape,,,False,False,strandveld,,False,False,,,2026-08-02T12:49:33.96034+00:00,,,,False,False,,,,,
Testalonga is a wine estate in the Western Cape producing wines that reflect the unique terroir of the South African winelands. The estate is committed to quality winemaking and sustainable viticulture practices.,False,,False,False,False,,False,,,2026-08-02T12:23:37.025514+00:00,True,False,hemelval-research,,,,False,,False,El Bandito Chenin; natural wines,,,,,False,,8abf5d25-505d-4f41-9517-5f3d05fda050,,True,,,,,False,,,False,Testalonga,,,False,,,False,,False,,,Western Cape,,,False,False,testalonga,,False,False,,,2026-08-02T12:49:17.034903+00:00,,,https://www.testalonga.com/,False,False,,,,,
Thelema Mountain Vineyards is a wine estate in the Western Cape producing wines that reflect the unique terroir of the South African winelands. The estate is committed to quality winemaking and sustainable viticulture practices.,False,,False,False,False,,False,,,2026-08-02T11:18:22.762463+00:00,True,False,hemelval-research,,,,False,,False,Bordeaux reds; Sauvignon Blanc,1983,,,,False,,1383aabc-f692-4642-a5fb-32734fa7ef2a,,True,,,,,False,,,False,Thelema Mountain Vineyards,,,False,,,False,,False,,,Western Cape,,,False,False,thelema,,False,False,,,2026-08-02T12:49:07.738214+00:00,,,https://www.thelema.co.za/,False,False,,,,,
Tokara is a wine estate in the Western Cape producing wines that reflect the unique terroir of the South African winelands. The estate is committed to quality winemaking and sustainable viticulture practices.,False,,False,False,False,,False,,,2026-08-02T12:28:22.659602+00:00,True,False,hemelval-research,,,,False,,False,Director's Reserve; Zondernaam Sauvignon Blanc,,,,,False,,ec738b54-38fe-478e-b3f8-847ec41d769d,,True,,,,,False,,,False,Tokara,,,False,,,False,,False,,,Western Cape,,,False,False,tokara,,False,False,,,2026-08-02T12:49:25.355996+00:00,,,https://www.tokara.com/,False,False,,,,,
Van Loveren is a wine estate in the Western Cape producing wines that reflect the unique terroir of the South African winelands. The estate is committed to quality winemaking and sustainable viticulture practices.,False,,False,False,False,,False,,,2026-08-02T12:23:36.108357+00:00,True,False,hemelval-research,,,,False,,False,Christina; River Red; value wines,1937,,,,False,,ae60459f-f0cc-4833-b6a4-3ce0f158bda5,,True,,,,,False,,,False,Van Loveren,,,False,,,False,,False,,,Western Cape,,,False,False,van-loveren,,False,False,,,2026-08-02T12:49:16.120071+00:00,,,https://www.vanloveren.co.za/,False,False,,,,,
Vergelegen is a wine estate in the Western Cape producing wines that reflect the unique terroir of the South African winelands. The estate is committed to quality winemaking and sustainable viticulture practices.,False,,False,False,False,,False,,,2026-08-02T11:18:22.762463+00:00,True,False,hemelval-research,,,,False,,False,Cabernet Sauvignon; GVB Red,1700,,,,False,,107fa42b-874a-4965-a095-a5728c1abf4e,,True,,,,,False,,,False,Vergelegen,,,False,,,False,,False,,,Western Cape,,,False,False,vergelegen,,False,False,,,2026-08-02T12:49:06.485304+00:00,,,https://www.vergelegen.co.za/,False,False,,,,,
Vilafonté is a wine estate in the Western Cape producing wines that reflect the unique terroir of the South African winelands. The estate is committed to quality winemaking and sustainable viticulture practices.,False,,False,False,False,,False,,,2026-08-02T12:28:23.270447+00:00,True,False,hemelval-research,,,,False,,False,Series M; Series C,,,,,False,,b95f386c-5a56-429a-b1e0-7fbc02a25607,,True,,,,,False,,,False,Vilafonté,,,False,,,False,,False,,,Western Cape,,,False,False,vilafonte,,False,False,,,2026-08-02T12:49:25.977922+00:00,,,https://www.vilafonte.com/,False,False,,,,,
"Visio Vintners is a boutique estate in the Devon Valley, one of Stellenbosch's cooler sub-regions. Small production, careful vineyard management, and meticulous winemaking produce structured Cabernet Sauvignon and textured Chenin Blanc.",False,,False,False,False,,False,,,2026-08-02T12:36:32.656479+00:00,True,False,hemelval-research,,,,False,,False,Cabernet Sauvignon; Chenin Blanc,,,,,False,,ab530155-5764-46df-a12e-eddd2a8aacda,,True,,,,,False,,,False,Visio Vintners,,,False,,,False,,False,,,Western Cape,,,False,False,visio-vintners,,False,False,,,2026-08-02T12:49:42.875213+00:00,,,,False,False,,,,,
Vondeling is a wine estate in the Western Cape producing wines that reflect the unique terroir of the South African winelands. The estate is committed to quality winemaking and sustainable viticulture practices.,False,,False,False,False,,False,,,2026-08-02T12:23:37.609498+00:00,True,False,hemelval-research,,,,False,,False,Monsonia; Babiana; Rhône blends,,,,,False,,2eea3d76-110d-4c00-9e92-89436aa6ebb7,,True,,,,,False,,,False,Vondeling,,,False,,,False,,False,,,Western Cape,,,False,False,vondeling,,False,False,,,2026-08-02T12:49:17.636033+00:00,,,https://www.vondelingwines.co.za/,False,False,,,,,
Warwick is a wine estate in the Western Cape producing wines that reflect the unique terroir of the South African winelands. The estate is committed to quality winemaking and sustainable viticulture practices.,False,,False,False,False,,False,,,2026-08-02T11:18:22.762463+00:00,True,False,hemelval-research,,,,False,,False,Three Cape Ladies; Pinotage,1771,,,,False,,a56ea921-26ad-4603-b1f5-5faa33c5ac39,,True,,,,,False,,,False,Warwick,,,False,,,False,,False,,,Western Cape,,,False,False,warwick,,False,False,,,2026-08-02T12:49:08.657229+00:00,,,https://www.warwickwine.com/,False,False,,,,,
Waterford Estate is a wine estate in the Western Cape producing wines that reflect the unique terroir of the South African winelands. The estate is committed to quality winemaking and sustainable viticulture practices.,False,,False,False,False,,False,,,2026-08-02T12:24:59.550151+00:00,True,False,hemelval-research,,,,False,,False,Jem blend; chocolate and wine pairing,,,,,False,,c0907919-3824-4c53-8bb7-95e18e4e0b99,,True,,,,,False,,,False,Waterford Estate,,,False,,,False,,False,,,Western Cape,,,False,False,waterford,,False,False,,,2026-08-02T12:49:20.009634+00:00,,,https://www.waterfordestate.co.za/,False,False,,,,,
Winshaw is a family estate producing a broad range of wines from mature Stellenbosch vineyards. Their Cabernet Sauvignon is approachable and well-priced — a solid everyday-drinking red that represents good value in the competitive Stellenbosch market.,False,,False,False,False,,False,,,2026-08-02T12:36:32.957376+00:00,True,False,hemelval-research,,,,False,,False,Cabernet Sauvignon; Chenin,,,,,False,,d47e10cf-c303-4140-b6c7-bb12409457d5,,True,,,,,False,,,False,Winshaw,,,False,,,False,,False,,,Western Cape,,,False,False,winshaw,,False,False,,,2026-08-02T12:49:43.18928+00:00,,,,False,False,,,,,
"Yonder Hill is a family estate on the slopes above Stellenbosch, combining wine production with a restaurant and accommodation. Their Merlot is generous and soft — a crowd-pleasing Stellenbosch red that pairs well with the estate's farm-style menu.",False,,False,False,False,,False,,,2026-08-02T12:36:33.250594+00:00,True,False,hemelval-research,,,,False,,False,Merlot; Cabernet Sauvignon,,,,,False,,37056cb2-0b02-4624-be18-93ee300edce9,,True,,,,,False,,,False,Yonder Hill,,,False,,,False,,False,,,Western Cape,,,False,False,yonder-hill,,False,False,,,2026-08-02T12:49:43.491005+00:00,,,https://www.yonderhill.co.za/,False,False,,,,,
Zandvliet is a wine estate in the Western Cape producing wines that reflect the unique terroir of the South African winelands. The estate is committed to quality winemaking and sustainable viticulture practices.,False,,False,False,False,,False,,,2026-08-02T12:29:04.724835+00:00,True,False,hemelval-research,,,,False,,False,Shiraz; Muscat,,,,,False,,d13cb550-31ae-4b68-a103-edd5e55f3e56,,True,,,,,False,,,False,Zandvliet,,,False,,,False,,False,,,Western Cape,,,False,False,zandvliet,,False,False,,,2026-08-02T12:49:34.878495+00:00,,,https://www.zandvliet.co.za/,False,False,,,,,
"Zorgvliet ('Care Free') is a historic estate in the Banghoek Valley, one of Stellenbosch's coolest and most scenic sub-regions. The estate is known for its Cabernet Sauvignon and Sauvignon Blanc, produced from vineyards on steep, south-facing slopes, and for its acclaimed restaurant overlooking the valley.",False,,False,False,False,,False,,,2026-08-02T12:36:33.564054+00:00,True,False,hemelval-research,,,,False,,False,Cabernet Sauvignon; Sauvignon Blanc,,,,,False,,4533f7b9-dda0-431f-8b91-8b9d38c97434,,True,,,,,False,,,False,Zorgvliet,,,False,,,False,,False,,,Western Cape,,,False,False,zorgvliet,,False,False,,,2026-08-02T12:49:43.787017+00:00,,,https://www.zorgvliet.co.za/,False,False,,,,,
